"province","province_name","age_group","total_expected","total_observed","total_excess","total_excess0","se_excess","total_excess_low","total_excess_high","total_excess0_low","total_excess0_high"
"P0001","East Azerbaijan","0 to 4",1550.9442307692832,1462,-88.9442307692832,147.0999999999383,107.4497177364874,-300.959397999047,123.0709364604806,-64.9151672298255,359.1151672297021
"P0001","East Azerbaijan","10 to 14",197.55769230774132,281,83.44230769225868,120.02564102561138,34.95907488875569,14.46256288814105,152.4220524963763,51.04589622149375,189.005385829729
"P0001","East Azerbaijan","15 to 19",455.33461538458675,438,-17.334615384586755,92.69358974360229,42.267508655939096,-100.73504774357612,66.06581697440261,9.293157384612925,176.09402210259165
"P0001","East Azerbaijan","20 to 24",426.17884615376494,514,87.82115384623506,159.57948717953553,43.7725637315195,1.4510114660268556,174.19129622644328,73.20934479932733,245.94962955974376
"P0001","East Azerbaijan","25 to 29",598.6807692307582,631,32.31923076924181,131.02692307692965,52.30867552395287,-70.89400070686413,135.53246224534774,27.813691600823702,234.2401545530356
"P0001","East Azerbaijan","30 to 34",679.0923076923159,934,254.9076923076841,312.8871794871709,62.43728798867485,131.70911781951096,378.1062667958572,189.68860499899776,436.085753975344
"P0001","East Azerbaijan","35 to 39",814.436538461732,1170,355.56346153826803,399.6692307690846,60.429302428167766,236.32695789936335,474.7999651771727,280.43272713017996,518.9057344079893
"P0001","East Azerbaijan","40 to 44",939.8249999998568,1468,528.1750000001432,574.4500000001179,62.79312830969035,404.27429667667417,652.0757033236123,450.5492966766489,698.350703323587
"P0001","East Azerbaijan","45 to 49",1241.480769230798,1813,571.5192307692021,647.1858974358771,70.65000597765935,432.11567394579697,710.9227875926072,507.782340612472,786.5894542592822
"P0001","East Azerbaijan","5 to 9",373.4711538461706,447,73.52884615382942,129.94679487178485,45.14128239685361,-15.541993099617471,162.5996854072763,40.875955618337954,219.01763412523172
"P0001","East Azerbaijan","50 to 54",1522.3230769231611,2571,1048.6769230768389,1077.8730769230058,80.88622225902887,889.0757040127853,1208.2781421408924,918.2718578589522,1237.4742959870593
"P0001","East Azerbaijan","55 to 59",2158.4423076922544,3267,1108.5576923077456,1192.0923076923511,111.23450676705977,889.0745419492212,1328.04084266627,972.6091573338267,1411.5754580508756
"P0001","East Azerbaijan","60 to 64",2961.026923076941,4554,1592.9730769230591,1659.962820512807,126.6215393125337,1343.1288949395007,1842.8172589066176,1410.1186385292485,1909.8070024963654
"P0001","East Azerbaijan","65 to 69",3550.5749999998307,5688,2137.4250000001693,2224.7916666668034,124.01962177357024,1892.7148099317342,2382.1351900686045,1980.0814765983682,2469.5018567352386
"P0001","East Azerbaijan","70 to 74",4031.17115384617,5935,1903.82884615383,2040.3557692307575,171.9713545922348,1564.5023567905123,2243.1553355171477,1701.02927986744,2379.682258594075
"P0001","East Azerbaijan","75 to 79",4152.99038461545,6824,2671.0096153845498,2705.517948717872,177.07285710954773,2321.6170604036033,3020.402170365496,2356.1253937369256,3054.9105036988185
"P0001","East Azerbaijan","80",16370.332692307686,20552,4181.667307692314,4579.053846153885,447.6140548670235,3298.4544831620315,5064.880132222597,3695.8410216236025,5462.266670684168
"P0002","West Azerbaijan","0 to 4",841.7769230768374,964,122.22307692316258,217.515384615436,78.04276188583778,-31.767548281428503,276.21370212775366,63.52475941084492,371.5060098200271
"P0002","West Azerbaijan","10 to 14",202.76923076924953,239,36.23076923075047,84.0269230769131,29.280678963508983,-21.544608665298767,94.0061471267997,26.25154518086387,141.80230097296234
"P0002","West Azerbaijan","15 to 19",469.0326923076548,425,-44.03269230765483,67.30897435898618,39.89081162348415,-122.74352817997693,34.67814356466728,-11.40186151333593,146.01981023130827
"P0002","West Azerbaijan","20 to 24",487.7788461539585,493,5.221153846041489,97.86346153840431,44.91365708818031,-83.40054492662303,93.842852618706,9.241762765739793,186.48516031106882
"P0002","West Azerbaijan","25 to 29",493.66730769224927,578,84.33269230775073,152.27564102567487,49.29066044933418,-12.92552147052885,181.59090608603032,55.01742724739529,249.53385480395445
"P0002","West Azerbaijan","30 to 34",607.8807692307846,746,138.1192307692154,207.37307692306723,54.84593090554227,29.899595969170107,246.3388655692607,99.15344212302195,315.59271172311253
"P0002","West Azerbaijan","35 to 39",749.6211538461337,960,210.37884615386633,302.0000000000161,51.69254086068852,108.3813451274988,312.3763471802339,200.00249897364856,403.9975010263836
"P0002","West Azerbaijan","40 to 44",654.9134615382528,1073,418.0865384617472,468.0634615386164,52.59149592745153,314.3152579148116,521.8578190086828,364.29218099168077,571.8347420855521
"P0002","West Azerbaijan","45 to 49",768.5019230768828,1229,460.4980769231172,506.14294871798023,66.17297356602401,329.9284081307052,591.0677457155292,375.5732799255682,636.7126175103922
"P0002","West Azerbaijan","5 to 9",319.35000000005596,301,-18.350000000055957,77.23333333330822,34.79440988215136,-87.00483488679508,50.30483488668317,8.5784984465691,145.88816822004736
"P0002","West Azerbaijan","50 to 54",1183.8153846155049,1775,591.1846153844951,641.4256410255484,69.2717027198166,454.50066734053337,727.8685634284569,504.74169298158665,778.1095890695102
"P0002","West Azerbaijan","55 to 59",1489.4730769232428,2286,796.5269230767572,854.2961538460214,79.74125221218566,639.1849097236935,953.8689364298208,696.9541404929578,1011.638167199085
"P0002","West Azerbaijan","60 to 64",2061.8980769230893,3333,1271.1019230769107,1338.7076923076838,94.62354620450095,1084.3948065294271,1457.8090396243942,1152.0005757602003,1525.4148088551674
"P0002","West Azerbaijan","65 to 69",2327.3211538462474,3973,1645.6788461537526,1685.0666666665823,100.81823371508861,1446.7486383207777,1844.6090539867275,1486.1364588336073,1883.9968744995572
"P0002","West Azerbaijan","70 to 74",2727.375000000554,4101,1373.6249999994461,1423.8749999995293,105.4994698979278,1165.4579780262918,1581.7920219726004,1215.707978026375,1632.0420219726836
"P0002","West Azerbaijan","75 to 79",2319.5903846154274,4023,1703.4096153845726,1734.9871794871428,132.4554364207443,1442.0542382387166,1964.7649925304286,1473.6318023412869,1996.3425566329988
"P0002","West Azerbaijan","80",10797.223076923998,13354,2556.7769230760023,2921.2589743583594,314.7684803756415,1935.6892793730688,3177.864566778936,2300.1713306554257,3542.346618061293
"P0003","Ardabil","0 to 4",559.1230769231004,538,-21.12307692310037,101.31410256409201,53.620600284261215,-126.9249419787917,84.67878813259095,-4.487762491599312,207.11596761978333
"P0003","Ardabil","10 to 14",98.90769230769568,97,-1.907692307695683,45.14615384615315,21.519909951246635,-44.369854174628905,40.55446955923754,2.6839919792199254,87.60831571308637
"P0003","Ardabil","15 to 19",135.99423076920385,151,15.005769230796147,59.248076923089734,22.538007693338038,-29.465259365551063,59.47679782714336,14.777048326742523,103.71910551943694
"P0003","Ardabil","20 to 24",164.19615384611419,205,40.803846153885814,80.952564102585,26.761114114093942,-12.000034616363457,93.60772692413508,28.14868333233573,133.75644487283427
"P0003","Ardabil","25 to 29",143.06346153850433,257,113.93653846149567,137.19166666663546,34.587656182633616,45.68966109295245,182.18341583003888,68.94478929809223,205.43854403517867
"P0003","Ardabil","30 to 34",268.3749999999798,345,76.62500000002018,123.47500000001236,37.10451521396916,3.4119645096753572,149.838035490365,50.261964509667536,196.68803549035718
"P0003","Ardabil","35 to 39",310.92884615374726,419,108.07115384625274,151.87756410262617,38.498187701092945,32.10818367347615,184.03412401902932,75.91459392984957,227.84053427540277
"P0003","Ardabil","40 to 44",282.5500000001401,464,181.44999999985993,211.59999999989478,35.32778295068831,111.74273628683908,251.15726371288076,141.8927362868739,281.30726371291564
"P0003","Ardabil","45 to 49",392.8211538461018,583,190.17884615389818,222.54166666670602,38.281792704094116,114.64285729333783,265.7148350144585,147.00567780614568,298.07765552726636
"P0003","Ardabil","5 to 9",142.02884615387893,133,-9.02884615387893,42.368589743577374,23.033352988832352,-54.477268808331154,36.41957650057329,-3.079832910874849,87.81701239802959
"P0003","Ardabil","50 to 54",510.4442307691217,831,320.5557692308783,365.1692307693129,47.11922725947509,227.5821341427473,413.5294043190093,272.1955956811819,458.1428658574439
"P0003","Ardabil","55 to 59",719.6211538462501,967,247.37884615374992,302.0826923076171,48.332294144907415,152.01163959801806,342.7460527094818,206.71548575188524,397.44989886334895
"P0003","Ardabil","60 to 64",934.457692307831,1308,373.54230769216895,431.41282051272765,58.21853460321524,258.6679961556482,488.4166192286897,316.5385089762069,546.2871320492484
"P0003","Ardabil","65 to 69",1041.0942307692355,1548,506.90576923076446,551.4429487179481,63.227508600210356,382.1479653780807,631.6635730834482,426.6851448652643,676.2007525706318
"P0003","Ardabil","70 to 74",1158.6019230769723,1691,532.3980769230277,582.7096153845804,76.84760427473029,380.7656853752835,684.0304684707719,431.0772238368362,734.3420069323246
"P0003","Ardabil","75 to 79",1245.642307692248,1933,687.3576923077519,730.9884615385084,77.54927069430043,534.3408027229863,840.3745818925175,577.9715719537428,884.0053511232741
"P0003","Ardabil","80",4905.223076923425,5911,1005.7769230765753,1183.7346153843619,167.15392268554726,675.9559834050604,1335.5978627480902,853.913675712847,1513.5555550558768
"P0004","Isfahan","0 to 4",1227.2230769230935,1137,-90.22307692309346,132.9307692307624,81.98582551746912,-251.99398590011958,71.54783205393267,-28.84013974626373,294.7016782077885
"P0004","Isfahan","10 to 14",189.9153846153763,207,17.084615384623703,69.9435897435939,28.451810748865732,-39.05527535668032,73.22450612592772,13.803699002289882,126.08348048489793
"P0004","Isfahan","15 to 19",410.59230769225,486,75.40769230774998,147.62051282054423,38.352671554873226,-0.2681516563653048,151.08353627186528,71.94466885642895,223.2963567846595
"P0004","Isfahan","20 to 24",442.1326923076682,511,68.86730769233179,140.94038461539384,46.897073498044875,-23.667983136991026,161.40259852165462,48.40509378607102,233.47567544471667
"P0004","Isfahan","25 to 29",610.2000000000806,663,52.79999999991935,132.74999999996385,62.255766898913926,-70.0404048716916,175.6404048715303,9.90959512835289,255.5904048715748
"P0004","Isfahan","30 to 34",932.3788461537712,988,55.62115384622882,197.09743589747814,66.4255794763356,-75.44694607700555,186.6892537694632,66.02933597424376,328.16553582071253
"P0004","Isfahan","35 to 39",1152.1500000000215,1302,149.84999999997854,259.0333333333141,67.45056798089348,16.75943679084361,282.94056320911346,125.94277012417916,392.123896542449
"P0004","Isfahan","40 to 44",1096.7384615384076,1518,421.2615384615924,491.21538461542525,68.18675768645845,286.71835735055686,555.804719572628,356.6722035043897,625.7585657264608
"P0004","Isfahan","45 to 49",1292.3769230770565,1819,526.6230769229435,610.7692307691314,77.50359658853613,373.696309521611,679.5498443242759,457.84246336779887,763.6959981704638
"P0004","Isfahan","5 to 9",275.92115384617165,258,-17.92115384617165,60.07307692307299,34.94310644127236,-86.86939039568522,51.02708270334192,-8.875159626440578,129.02131347258654
"P0004","Isfahan","50 to 54",1629.8480769232262,2407,777.1519230767738,873.5826923075815,89.7707616859906,600.0201124760699,954.2837336774776,696.4508817068777,1050.7145029082853
"P0004","Isfahan","55 to 59",2399.6250000001764,3358,958.3749999998236,1035.0416666665244,111.9905931890229,737.3999723933217,1179.3500276063255,814.0666390600226,1256.0166942730264
"P0004","Isfahan","60 to 64",2830.5423076926645,4710,1879.4576923073355,1941.4474358971274,125.35515036079168,1632.1122946020193,2126.8030900126514,1694.1020381918113,2188.7928336024434
"P0004","Isfahan","65 to 69",3505.6326923079105,5886,2380.3673076920895,2433.6551282049377,138.47898024977619,2107.1265326212247,2653.6080827629544,2160.414353134073,2706.8959032758025
"P0004","Isfahan","70 to 74",4425.446153846718,6212,1786.5538461532824,1974.2551282047093,154.06446543884823,1482.560461226133,2090.5472310804316,1670.2617432775598,2278.248513131859
"P0004","Isfahan","75 to 79",4511.338461538883,7342,2830.661538461117,2874.2499999996185,184.1798039812988,2467.245861211924,3194.0772157103097,2510.8343227504256,3237.6656772488113
"P0004","Isfahan","80",19242.878846155603,24839,5596.121153844397,6175.069871793559,543.4111750874364,4523.8855669326385,6668.356740756155,5102.834284881801,7247.3054587053175
"P0005","Alborz","0 to 4",480.4096153845529,418,-62.40961538455292,58.68076923079923,52.20885154773003,-165.4258784789984,40.606647709892584,-44.33549386364628,161.69703232524472
"P0005","Alborz","10 to 14",80.99615384612899,117,36.00384615387101,67.5153846153986,17.500099566719076,1.4734014553128532,70.53429085242917,32.984939916840446,102.04582931395676
"P0005","Alborz","15 to 19",160.14615384618307,248,87.85384615381693,120.27179487177592,25.783761976145115,36.97843463723069,138.72925767040317,69.39638335518968,171.14720638836218
"P0005","Alborz","20 to 24",199.58653846157634,335,135.41346153842366,165.22179487176462,33.77968521444214,68.76083777562759,202.06608530121974,98.56917110896855,231.8744186345607
"P0005","Alborz","25 to 29",289.7442307693642,444,154.2557692306358,183.86602564092146,44.926589759806745,65.60855226587763,242.90298619539396,95.2188086761633,272.51324260567964
"P0005","Alborz","30 to 34",410.96923076939345,664,253.03076923060655,272.7602564101328,48.96060114052644,156.42381430183116,349.63772415938195,176.1533014813574,369.3672113389082
"P0005","Alborz","35 to 39",520.6557692308579,874,353.3442307691421,384.55641025633867,53.34901841833565,248.0782393847245,458.6102221535597,279.2904188719211,489.82240164075625
"P0005","Alborz","40 to 44",570.8096153846886,954,383.19038461531136,420.162820512762,44.536417028689016,295.3130397226166,471.0677295080061,332.28547562006725,508.0401654054567
"P0005","Alborz","45 to 49",773.9442307691967,1263,489.0557692308033,530.7807692307897,52.58107989138714,385.30504115877955,592.8064973028271,427.0300411587659,634.5314973028135
"P0005","Alborz","5 to 9",102.48653846151684,99,-3.4865384615168438,44.25961538462347,18.089484975759884,-39.17993313046973,32.20685620743604,8.566220715670589,79.95301005357635
"P0005","Alborz","50 to 54",900.02307692317,1552,651.97692307683,694.8769230768457,64.1366593529496,525.4252220139945,778.5286241396655,568.3252220140103,821.4286241396812
"P0005","Alborz","55 to 59",1359.3153846153548,2105,745.6846153846452,810.5269230769433,77.47924986250216,592.8058878972402,898.5633428720503,657.6481955895382,963.4056505643483
"P0005","Alborz","60 to 64",1800.2480769234628,2813,1012.7519230765372,1096.975641025328,84.97308616803709,845.086679710078,1180.4171664429964,929.3103976588689,1264.6408843917873
"P0005","Alborz","65 to 69",2102.53653846166,3439,1336.4634615383402,1424.724999999893,95.62656288621439,1147.7772355619309,1525.1496875147495,1236.0387740234837,1613.4112259763024
"P0005","Alborz","70 to 74",1978.8980769234317,3340,1361.1019230765683,1408.4846153843018,110.01111040801115,1144.0327258592524,1578.171120293884,1191.415418166986,1625.5538126016177
"P0005","Alborz","75 to 79",2241.3365384617236,3539,1297.6634615382764,1369.3730769229146,123.16831792024071,1054.6330276630556,1540.693895413497,1126.3426430476939,1612.4035107981354
"P0005","Alborz","80",7031.263461538929,9486,2454.736538461071,2651.2173076918807,259.19552754397756,1943.3030579915142,2966.1700189306284,2139.7838272223235,3162.650788161438
"P0006","Ilam","0 to 4",88.31730769229137,139,50.682692307708635,85.59230769231556,43.07754863046945,-34.316076131455716,135.68146074687297,0.5935392531512065,170.5910761314799
"P0006","Ilam","10 to 14",21.59615384614917,31,9.403846153850829,26.77692307692464,11.225330348087125,-12.745493473040185,31.553185780741842,4.627583450033626,48.92626270381565
"P0006","Ilam","15 to 19",56.71730769233902,83,26.28269230766098,52.66153846152146,16.970143687801134,-7.202066216376593,59.767450831698554,19.176779937483886,86.14629698555903
"P0006","Ilam","20 to 24",95.98461538464704,106,10.015384615352957,48.04358974357272,22.05646986146103,-33.50549421696008,53.536263447665995,4.522710911259679,91.56446857588575
"P0006","Ilam","25 to 29",163.00384615384507,122,-41.003846153845075,36.58974358974407,26.079158825429996,-92.4621220438294,10.454429736139254,-14.868532300240261,88.0480194797284
"P0006","Ilam","30 to 34",139.47692307693939,175,35.523076923060614,73.02692307691282,23.286549016212664,-10.424941255863793,81.47109510198501,27.078904897988416,118.97494125583722
"P0006","Ilam","35 to 39",116.33076923083273,209,92.66923076916727,120.53974358969867,23.083111830726203,47.12262610542251,138.21583543291203,74.99313892595391,166.08634825344342
"P0006","Ilam","40 to 44",133.18076923078002,189,55.819230769219985,91.65769230768612,23.550445755078364,9.35050288159988,102.28795865684009,45.188964420066014,138.12642019530622
"P0006","Ilam","45 to 49",180.85961538463195,240,59.14038461536805,105.17179487178626,26.163273875737158,7.516136521518575,110.76463270921752,53.54754677793679,156.79604296563573
"P0006","Ilam","5 to 9",-17.815384615324433,28,45.81538461532443,53.00384615379659,18.10182960544049,10.097632053384416,81.53313717726445,17.28609359185657,88.7215987157366
"P0006","Ilam","50 to 54",199.05576923075432,309,109.94423076924568,148.97115384616515,26.420844713003277,57.81175496398973,162.07670657450163,96.8386780409092,201.1036296514211
"P0006","Ilam","55 to 59",169.60576923077502,336,166.39423076922498,183.93269230768428,31.07796454814753,105.07252616507505,227.71593537337492,122.61098770353435,245.2543969118342
"P0006","Ilam","60 to 64",304.9134615384846,475,170.08653846151537,213.37307692306234,37.56428716817271,95.96630070194652,244.20677622108423,139.2528391634935,287.4933146826312
"P0006","Ilam","65 to 69",386.6557692307167,540,153.34423076928329,214.29551282054527,36.858559607651465,80.61650431560274,226.07195722296382,141.5677863668647,287.02323927422583
"P0006","Ilam","70 to 74",431.36538461542943,669,237.63461538457057,280.8179487179241,37.06137808064971,164.50669623261356,310.7625345365276,207.69002956596708,353.9458678698811
"P0006","Ilam","75 to 79",320.1307692308348,520,199.8692307691652,246.69230769226215,42.06820460637345,116.86205659910713,282.8764049392233,163.68513352220407,329.6994818623202
"P0006","Ilam","80",1813.33846153846,2004,190.66153846153998,375.31794871796524,82.38536976401431,28.10226594078904,353.2208109822909,212.7586761972143,537.8772212387162
"P0007","Bushehr","0 to 4",299.89230769221587,284,-15.892307692215866,72.26153846157843,42.27595073703415,-99.3093976029684,67.52478221853667,-11.155551449174112,155.67862837233096
"P0007","Bushehr","10 to 14",71.11730769227401,81,9.88269230772599,40.71346153847842,14.789234812071426,-19.298790509858105,39.064175125310086,11.531978720894326,69.89494435606251
"P0007","Bushehr","15 to 19",108.67692307695691,143,34.32307692304309,69.86410256408581,23.252548308739563,-11.557852520492375,80.20400636657855,23.983173120550347,115.74503200762128
"P0007","Bushehr","20 to 24",121.68653846149653,162,40.313461538503475,79.18910256412929,29.065542621413933,-17.037418569116554,97.6643416461235,21.838222456509257,136.53998267174933
"P0007","Bushehr","25 to 29",187.7326923077083,227,39.267307692291695,83.67051282050444,27.259104346160708,-14.519186011286592,93.05380139586998,29.884019116926154,137.45700652408271
"P0007","Bushehr","30 to 34",265.3442307692708,254,-11.34423076927078,65.94871794869937,28.544635447683394,-67.66727921873317,44.97881768019161,9.625669499236977,122.27176639816176
"P0007","Bushehr","35 to 39",267.11923076920857,363,95.88076923079143,146.64871794873426,31.127394653920263,34.461531265341364,157.3000071962415,85.2294799832842,208.06795591418432
"P0007","Bushehr","40 to 44",225.82115384623268,394,168.17884615376732,190.30769230763315,27.442175939142487,114.03112344727774,222.3265688602569,136.15996960114356,244.45541501412274
"P0007","Bushehr","45 to 49",282.53846153849236,404,121.46153846150764,170.5858974358799,32.14729413124078,58.029878660088166,184.89319826292711,107.15423763446043,234.01755723729937
"P0007","Bushehr","5 to 9",57.92499999997345,55,-2.9249999999734513,30.658333333344167,15.416225819199502,-33.34363453864277,27.493634538695865,0.239698794674851,61.07696787201348
"P0007","Bushehr","50 to 54",262.5615384614621,502,239.43846153853792,262.4538461539081,35.51895808886118,169.3539792553455,309.52294382173034,192.3693638707157,332.5383284371005
"P0007","Bushehr","55 to 59",399.7576923076559,621,221.24230769234413,275.65000000002414,39.83284618234837,142.64584673840096,299.8387686462873,197.05353904608097,354.2464609539673
"P0007","Bushehr","60 to 64",704.8903846153682,970,265.10961538463175,330.6557692307847,54.31614714090175,157.9353271506085,372.283903618655,223.48148099676143,437.83005746480796
"P0007","Bushehr","65 to 69",869.7519230771406,1181,311.24807692285935,373.22499999986417,53.1884437567519,206.29892456273808,416.19722928298063,268.2758476397429,478.17415235998544
"P0007","Bushehr","70 to 74",687.4442307692751,1113,425.5557692307249,461.3711538461173,48.27284617983006,330.30586284592744,520.8056756155223,366.12124746131985,556.6210602309147
"P0007","Bushehr","75 to 79",602.8250000000212,948,345.1749999999788,384.61666666665826,60.44340058541301,225.9106784828242,464.4393215171334,265.35234514950366,503.88098818381286
"P0007","Bushehr","80",2534.2076923078216,3029,494.7923076921784,652.0487179486372,114.33165974976056,269.19798811519365,720.3866272691631,426.4543983716525,877.6430375256219
"P0008","Tehran","0 to 4",2283.4384615380154,2234,-49.43846153801542,267.4576923078639,147.503027770534,-340.4850995232423,241.60817644721146,-23.58894567736297,558.5043302930908
"P0008","Tehran","10 to 14",373.8749999999305,407,33.12500000006952,108.50833333337329,45.601860238353964,-56.85463166479626,123.1046316649353,18.52870166850751,198.48796499823908
"P0008","Tehran","15 to 19",893.9519230769641,943,49.048076923035865,188.08653846151657,72.88265049621816,-94.76083815480158,192.8569920008733,44.27762338367913,331.895453539354
"P0008","Tehran","20 to 24",1041.0865384614012,1351,309.91346153859877,380.0692307693249,86.96930296755727,138.30936893648988,481.51755414070766,208.46513816721603,551.6733233714338
"P0008","Tehran","25 to 29",1363.1538461536347,1695,331.84615384636527,427.8384615386367,101.71237298533377,131.15166881563513,532.5406388770954,227.14397650790656,628.5329465693668
"P0008","Tehran","30 to 34",2071.8557692309846,2622,550.1442307690154,647.1442307690697,123.22429811919376,307.00333917000887,793.2851223680219,404.0033391700632,890.2851223680763
"P0008","Tehran","35 to 39",2781.0038461539325,3731,949.9961538460675,1072.2384615383905,122.14692866355625,708.9810813754593,1191.0112263166757,831.2233890677824,1313.2535340089987
"P0008","Tehran","40 to 44",2687.249999999742,4396,1708.7500000002578,1746.6000000002305,125.43353430992042,1461.2499384537261,1956.2500615467895,1499.0999384536988,1994.1000615467622
"P0008","Tehran","45 to 49",3643.7096153845273,5372,1728.2903846154727,1856.8250000000717,154.1634290644487,1424.101728913552,2032.4790403173934,1552.636344298151,2161.0136557019923
"P0008","Tehran","5 to 9",471.0923076923,456,-15.092307692299983,84.21153846154041,43.837846669133505,-101.5912635605941,71.40664817599414,-2.287417406753704,170.71049432983455
"P0008","Tehran","50 to 54",4843.676923077152,7775,2931.3230769228476,3022.315384615184,176.8422360017555,2582.385573604812,3280.260580240883,2673.3778812971486,3371.2528879332194
"P0008","Tehran","55 to 59",6902.2884615391795,10507,3604.7115384608205,3764.899999999422,243.8914356259356,3123.475434733199,4085.947642188442,3283.6638962718007,4246.1361037270435
"P0008","Tehran","60 to 64",8977.153846154408,13979,5001.846153845592,5220.999999999522,294.8996975107673,4419.962738971616,5583.729568719568,4639.1165851255455,5802.883414873498
"P0008","Tehran","65 to 69",10270.150000000638,16441,6170.849999999362,6362.283333332764,312.42799325233494,5554.380504945863,6787.3194950528605,5745.813838279266,6978.752828386263
"P0008","Tehran","70 to 74",11161.511538462451,16633,5471.488461537549,5738.829487178694,354.2538697248452,4772.489943777838,6170.4869792972595,5039.830969418983,6437.828004938405
"P0008","Tehran","75 to 79",11393.811538461508,18130,6736.1884615384915,6900.3166666666975,431.2013835334069,5885.360415030778,7587.016508046205,6049.488620158984,7751.144713174411
"P0008","Tehran","80",39635.490384619676,51541,11905.509615380324,13088.676923073854,1026.4224789642499,9880.216872781555,13930.802357979093,11063.384180475085,15113.969665672623
"P0009","Chahaar Mahal and Bakhtiari","0 to 4",116.24450549443009,245,128.7554945055699,152.12408424913747,54.07322798613677,21.77028860165737,235.74070040948246,45.138878345224924,259.10929015305
"P0009","Chahaar Mahal and Bakhtiari","10 to 14",59.561355311367926,55,-4.561355311367926,27.77335164834772,18.231078832461066,-40.631991287480986,31.509280664745134,-8.29728432776534,63.84398762446078
"P0009","Chahaar Mahal and Bakhtiari","15 to 19",110.07051282051438,134,23.92948717948562,61.90705128204985,25.649381807926257,-26.81844291879868,74.67741727776992,11.15912118376555,112.65498138033415
"P0009","Chahaar Mahal and Bakhtiari","20 to 24",80.56593406591429,134,53.43406593408571,81.34798534799421,32.65312765880356,-11.170946862255477,118.0390787304269,16.742972551653025,145.9529981443354
"P0009","Chahaar Mahal and Bakhtiari","25 to 29",174.98351648352428,172,-2.9835164835242836,60.24358974358698,31.975653094124496,-66.2481292612937,60.28109629424513,-3.0210230341824342,123.5082025213564
"P0009","Chahaar Mahal and Bakhtiari","30 to 34",207.01648351646014,208,0.9835164835398587,79.98901098902189,33.354988922953716,-65.010146013543,66.97717898062271,13.99534849193904,145.98267348610474
"P0009","Chahaar Mahal and Bakhtiari","35 to 39",201.45512820515677,250,48.54487179484323,95.51923076921777,35.15451188051086,-21.00919094674559,118.09893453643205,25.96516802762895,165.0732935108066
"P0009","Chahaar Mahal and Bakhtiari","40 to 44",211.8928571429566,257,45.107142857043414,96.92857142852156,31.306968457825736,-16.834460990733014,107.04874670481985,34.98696758074514,158.870175276298
"P0009","Chahaar Mahal and Bakhtiari","45 to 49",286.5750915751219,287,0.4249084248780832,90.6565934065809,35.57969630368909,-69.97039211136435,70.82020896112051,20.261292870338465,161.0518939428233
"P0009","Chahaar Mahal and Bakhtiari","5 to 9",49.19413919412116,63,13.805860805878837,48.572344322351285,19.724274392339687,-25.21909915602214,52.83082076777981,9.547384360450309,87.59730428425226
"P0009","Chahaar Mahal and Bakhtiari","50 to 54",234.64926739931147,388,153.35073260068853,190.31913919410573,36.352288116045074,81.42684024178345,225.2746249595936,118.39524683520065,262.24303155301084
"P0009","Chahaar Mahal and Bakhtiari","55 to 59",319.3003663003076,504,184.6996336996924,222.94871794876414,46.27365877633142,93.14606650036718,276.25320089901766,131.39515074943893,314.50228514808936
"P0009","Chahaar Mahal and Bakhtiari","60 to 64",474.7875457876434,677,202.2124542123566,254.71428571421973,47.50633583245899,108.22000526739843,296.20490315731473,160.72183676926159,348.70673465917787
"P0009","Chahaar Mahal and Bakhtiari","65 to 69",627.5201465201751,818,190.4798534798249,272.4862637362394,54.45534481684533,82.73862006774904,298.22108689190077,164.7450303241635,380.22749714831525
"P0009","Chahaar Mahal and Bakhtiari","70 to 74",575.6996336997288,1006,430.3003663002712,459.4981684980871,52.46553947294554,326.4960114943774,534.104721106165,355.6938136921933,563.3025233039809
"P0009","Chahaar Mahal and Bakhtiari","75 to 79",632.9010989010092,969,336.09890109899084,369.6300366301151,66.13785244104677,205.24354023053942,466.9542619674422,238.7746757616637,500.4853974985665
"P0009","Chahaar Mahal and Bakhtiari","80",3012.7417582415383,3879,866.2582417584617,1010.646520146678,174.56684587579326,520.8734617929222,1211.6430217240013,665.2617401811383,1356.0313001122177
"P0010","South Khorasan","0 to 4",296.0288461537505,310,13.971153846249479,95.3076923077407,41.04890314940473,-67.02477847590767,94.96708616840662,14.31175998558355,176.30362462989785
"P0010","South Khorasan","10 to 14",38.93461538462117,51,12.065384615378832,39.814102564100025,16.70061999065966,-20.887561327615273,45.01833055837294,6.86115662110592,72.76704850709413
"P0010","South Khorasan","15 to 19",119.55384615385353,99,-20.553846153853527,40.64102564102231,20.784113085718847,-61.56416525397196,20.456472946264903,-0.3692934590961201,81.65134474114075
"P0010","South Khorasan","20 to 24",82.18846153843897,113,30.811538461561028,65.09615384616643,21.859176554015594,-12.320049691795177,73.94312661491723,21.964565692810226,108.22774199952264
"P0010","South Khorasan","25 to 29",79.1423076922512,120,40.857692307748806,68.31282051285103,21.707927403317854,-1.9754575187875645,83.69084213428518,25.479670686314662,111.1459703393874
"P0010","South Khorasan","30 to 34",173.9442307692567,132,-41.944230769256706,36.13461538460132,27.8572851892506,-96.91102921586251,13.022567677349102,-18.83218306200449,91.10141383120713
"P0010","South Khorasan","35 to 39",125.46730769233446,177,51.53269230766554,82.15256410254682,23.770633533879828,4.629499353705953,98.43588526162513,35.24937114858723,129.05575705650642
"P0010","South Khorasan","40 to 44",119.60769230772837,202,82.39230769227163,109.2076923076693,23.586480130128326,35.85247832376189,128.93213706078137,62.66786293915957,155.74752167617905
"P0010","South Khorasan","45 to 49",182.64807692306044,219,36.351923076939556,88.70769230770209,24.301098629532177,-11.597960816126104,84.30180697000522,40.75780841463643,136.65757620076775
"P0010","South Khorasan","5 to 9",65.7461538461883,59,-6.746153846188307,32.78076923075547,13.899155037374742,-34.1713694882462,20.679061795869586,5.355553588697575,60.20598487281336
"P0010","South Khorasan","50 to 54",207.46346153846184,294,86.53653846153816,120.19230769230832,30.950681212632734,25.465983867208756,147.60709305586755,59.12175309797892,181.26286228663773
"P0010","South Khorasan","55 to 59",287.5307692308062,350,62.469230769193814,112.12692307690156,34.55386755183223,-5.710976324538734,130.64943786292636,43.946715983169014,180.3071301706341
"P0010","South Khorasan","60 to 64",395.3000000000361,474,78.6999999999639,156.8999999999799,39.16759099691676,1.416191999987987,155.9838079999398,79.616192000004,234.18380799995583
"P0010","South Khorasan","65 to 69",478.7173076924558,594,115.28269230754421,193.31730769221775,40.95309470492055,34.475805092319334,196.0895795227691,112.51042047699288,274.12419490744264
"P0010","South Khorasan","70 to 74",527.2096153846702,656,128.7903846153298,197.047435897399,48.99580330159701,32.11397029453879,225.46679893612082,100.37102157660799,293.72385021819
"P0010","South Khorasan","75 to 79",792.3230769230217,988,195.67692307697826,301.7153846154175,67.01313762502733,63.449478654974826,327.9043674989817,169.4879401934141,433.94282903742095
"P0010","South Khorasan","80",3401.62884615397,3876,474.3711538460302,764.6698717948123,159.86477056778122,158.93285600705474,789.8094516850057,449.2315739558368,1080.1081696337878
"P0011","Razavi Khorasan","0 to 4",3337.0173076924502,2774,-563.0173076924502,120.32628205125673,167.24290807411973,-893.0138295100761,-233.02078587482436,-209.67023976636915,450.3228038688826
"P0011","Razavi Khorasan","10 to 14",496.00769230769833,453,-43.007692307698335,86.15384615384227,41.34963345524794,-124.59701275062069,38.58162813522402,4.564525710919909,167.74316659676464
"P0011","Razavi Khorasan","15 to 19",740.1769230770294,718,-22.176923077029414,120.11794871790431,56.06584676324683,-132.8036434425461,88.44979728848726,9.491228352387637,230.744669083421
"P0011","Razavi Khorasan","20 to 24",668.0846153845423,856,187.9153846154577,254.92307692312647,59.75977836085993,69.9999571048565,305.8308121260589,137.00764941252527,372.8385044337277
"P0011","Razavi Khorasan","25 to 29",841.5480769232652,981,139.45192307673483,228.23589743578862,65.3031453791459,10.598561896729876,268.3052842567398,99.38253625578366,357.0892586157936
"P0011","Razavi Khorasan","30 to 34",1150.1846153846525,1459,308.8153846153475,389.9307692307461,80.93535378028498,149.11722134413543,468.5135478865596,230.232605959534,549.6289325019582
"P0011","Razavi Khorasan","35 to 39",1318.7923076925672,1886,567.2076923074328,631.4692307690478,80.60940672077845,408.15267377205714,726.2627108428085,472.4142122336722,790.5242493044235
"P0011","Razavi Khorasan","40 to 44",1414.8692307692986,2127,712.1307692307014,770.164102564049,83.77864237100047,546.8223510538282,877.4391874075745,604.8556843871759,935.4725207409222
"P0011","Razavi Khorasan","45 to 49",1767.2461538464117,2617,849.7538461535883,969.5423076921174,108.84126628784931,634.9929351001983,1064.5147572069782,754.7813966387275,1184.3032187455074
"P0011","Razavi Khorasan","5 to 9",623.1499999999576,529,-94.14999999995757,76.15000000001749,49.37453590622366,-191.57371322666296,3.2737132267478017,-21.27371322668789,173.57371322672287
"P0011","Razavi Khorasan","50 to 54",2135.3403846154256,3300,1164.6596153845744,1245.4839743589403,113.58130551925984,940.5458625416161,1388.7733682275327,1021.3702215159819,1469.5977272018986
"P0011","Razavi Khorasan","55 to 59",3504.3596153849426,4693,1188.6403846150574,1350.2429487177212,149.804853456071,893.0518830685904,1484.2288861615243,1054.654447171254,1645.8314502641883
"P0011","Razavi Khorasan","60 to 64",4281.788461539045,6653,2371.211538460955,2498.35897435851,158.828663415071,2057.8176427467815,2684.6054341751287,2184.9650786443362,2811.7528700726834
"P0011","Razavi Khorasan","65 to 69",4819.97692307756,7642,2822.02307692244,2921.053846153317,161.15354421960572,2504.041826276618,3140.004327568262,2603.072595507495,3239.035096799139
"P0011","Razavi Khorasan","70 to 74",4809.298076922965,6703,1893.7019230770347,2122.3653846154803,211.06616461514355,1477.2352340051402,2310.1686121489292,1705.8986955435857,2538.8320736873748
"P0011","Razavi Khorasan","75 to 79",6146.173076923491,9175,3028.826923076509,3141.4461538457876,246.61254910832605,2542.2216351185943,3515.4322110344237,2654.840865887873,3628.0514418037023
"P0011","Razavi Khorasan","80",20538.925000001538,25490,4951.074999998462,5562.074999998822,606.5431838031506,3754.2700455036393,6147.8799544932845,4365.270045503999,6758.879954493645
"P0012","North Khorasan","0 to 4",318.41538461553586,341,22.584615384464144,103.64871794864047,45.25315274154887,-66.70696162742696,111.87619239635525,14.35714093674936,192.94029496053156
"P0012","North Khorasan","10 to 14",44.33269230766682,60,15.667307692333182,41.82884615385812,15.220646057639684,-14.365417262510572,45.70003264717694,11.796121199014369,71.86157110870188
"P0012","North Khorasan","15 to 19",103.56923076920472,137,33.43076923079528,66.43846153847274,20.16969205594628,-6.367200687576727,73.22873914916728,26.640491620100732,106.23643145684474
"P0012","North Khorasan","20 to 24",148.38076923073655,131,-17.380769230736547,43.26282051283507,25.209913642176982,-67.12388786602227,32.36234940454917,-6.480298122450648,93.00593914812079
"P0012","North Khorasan","25 to 29",136.5980769230886,165,28.4019230769114,73.92692307691806,21.361889126128222,-13.748438886131623,70.55228503995443,31.776561113875033,116.07728503996108
"P0012","North Khorasan","30 to 34",120.95769230777043,220,99.04230769222957,118.73461538456252,26.861404414430787,46.04053840961039,152.04407697484874,65.73284610194334,171.7363846671817
"P0012","North Khorasan","35 to 39",191.134615384621,248,56.865384615379014,101.47307692307443,25.0606735148171,7.416740188366177,106.31402904239185,52.02443249606159,150.92172135008727
"P0012","North Khorasan","40 to 44",199.97692307691497,268,68.02307692308503,115.65641025641649,28.2736136330159,12.234797075812558,123.81135677035749,59.86813040914402,171.44469010368897
"P0012","North Khorasan","45 to 49",250.1673076922398,380,129.8326923077602,175.2653846154246,32.19271947634632,66.3114011667532,193.3539834487672,111.74409347441761,238.7866757564316
"P0012","North Khorasan","5 to 9",73.38461538462256,87,13.615384615377437,40.63205128204717,19.18963909682988,-24.248786905025128,51.47955613578,2.7678797616446076,78.49622280244974
"P0012","North Khorasan","50 to 54",390.9230769231449,466,75.07692307685511,158.8064102563738,40.122990831007314,-4.092038833834266,154.24588498754449,79.63744834568442,237.97537216706317
"P0012","North Khorasan","55 to 59",506.4673076922973,696,189.5326923077027,260.22051282051825,48.338074677994804,94.154079852402,284.9113047630034,164.84190036521755,355.59912527581895
"P0012","North Khorasan","60 to 64",755.1038461539837,1005,249.89615384601632,314.96410256401487,59.011982795594086,133.45624442111483,366.3360632709178,198.52419313911338,431.40401198891635
"P0012","North Khorasan","65 to 69",850.3576923077113,1135,284.6423076922887,366.9935897435779,50.17843968062029,185.63236607191425,383.6522493126631,267.98364812320347,466.00353136395233
"P0012","North Khorasan","70 to 74",936.8461538460293,1138,201.15384615397068,298.56666666674346,62.2678521874346,78.28959511020862,324.01809719773274,175.7024156229814,421.4309177105055
"P0012","North Khorasan","75 to 79",988.7000000002095,1435,446.29999999979054,488.44999999983276,72.05066919731956,304.1327146808196,588.4672853187615,346.2827146808618,630.6172853188037
"P0012","North Khorasan","80",3018.6826923080293,3242,223.31730769197065,521.2487179485333,119.49634508258931,-12.467747120021215,459.1023625039625,285.46366313654147,757.0337727605252
"P0013","Khuzestan","0 to 4",2204.536538461664,2263,58.463461538336105,307.86153846145714,128.6271041192649,-195.33801476713057,312.2649378438028,54.060062155990465,561.6630147669239
"P0013","Khuzestan","10 to 14",412.1307692307727,472,59.86923076922727,141.7115384615377,43.12688820207762,-25.226892393112863,144.9653539315674,56.61541529919758,226.80766162387783
"P0013","Khuzestan","15 to 19",617.8865384617062,763,145.1134615382938,217.17243589732584,56.64294651684708,33.34803272993247,256.8788903466551,105.40700708896452,328.93786470568716
"P0013","Khuzestan","20 to 24",772.0865384613219,811,38.91346153867812,168.9596153847309,71.94105518971428,-103.03753812926718,180.86446120662342,27.008615716785613,310.91061505267623
"P0013","Khuzestan","25 to 29",999.092307692581,1081,81.90769230741898,229.53461538447635,67.60484746836035,-51.48728855887191,215.30267317370988,96.13963451818546,362.92959625076725
"P0013","Khuzestan","30 to 34",1160.2019230769802,1431,270.79807692301983,379.0487179486791,73.97579728674758,124.8322115573356,416.7639422887041,233.08285258299486,525.0145833143633
"P0013","Khuzestan","35 to 39",1129.926923076937,1593,463.0730769230629,544.2269230769106,78.92301106724597,307.34558184732145,618.8005719988043,388.4994280011691,699.954418152652
"P0013","Khuzestan","40 to 44",1218.4884615385645,1815,596.5115384614355,652.6410256409532,72.54129624603804,453.3761689262119,739.6469079966591,509.5056561057296,795.7763951761768
"P0013","Khuzestan","45 to 49",1374.9596153847267,2096,721.0403846152733,781.5794871794001,81.77403165103021,559.6873781972972,882.3933910332494,620.226480761424,942.9324935973762
"P0013","Khuzestan","5 to 9",487.51153846144626,475,-12.511538461446264,115.01025641030051,47.50005155826478,-106.23659969655945,81.21352277366692,21.285195175187326,208.73531764541372
"P0013","Khuzestan","50 to 54",1552.8576923077633,2774,1221.1423076922367,1268.8974358973683,87.96068358419917,1047.5820654449408,1394.7025499395327,1095.3371936500723,1442.4576781446642
"P0013","Khuzestan","55 to 59",2370.0653846155974,3664,1293.9346153844026,1385.791025640858,110.66405039516212,1075.5770650333327,1512.2921657354725,1167.433475289788,1604.1485759919278
"P0013","Khuzestan","60 to 64",3128.2153846156875,5009,1880.7846153843125,1938.7358974356448,137.31081878995465,1609.8488063242735,2151.7204244443515,1667.8000883756058,2209.671706495684
"P0013","Khuzestan","65 to 69",3799.788461539089,5628,1828.211538460911,1961.279487178996,144.2328763754532,1543.6174227298143,2112.8056541920078,1676.6853714478993,2245.873602910093
"P0013","Khuzestan","70 to 74",3341.459615385198,5221,1879.540384614802,1962.0544871790212,135.2116232617136,1612.7466179941807,2146.334151235423,1695.2607205584,2228.8482537996424
"P0013","Khuzestan","75 to 79",2976.611538461913,4743,1766.388461538087,1839.7897435894188,158.14792965120938,1454.3377604439124,2078.4391626322617,1527.7390424952441,2151.8404446835934
"P0013","Khuzestan","80",11416.773076923555,13713,2296.226923076445,2807.547435897084,305.25235302582195,1693.9160930678913,2898.5377530849987,2205.2366058885304,3409.858265905638
"P0014","Zanjan","0 to 4",333.3673076924489,383,49.63269230755111,116.4615384614682,58.483090003903214,-65.76362858087832,165.02901319598055,1.0652175730387654,231.85785934989764
"P0014","Zanjan","10 to 14",41.51346153849279,75,33.48653846150721,50.55961538459634,15.514606756432867,2.8737828837216597,64.09929403929276,19.946859806810792,81.17237096238189
"P0014","Zanjan","15 to 19",85.95384615378796,151,65.04615384621204,88.48333333336959,22.86056773914439,19.938663623962846,110.15364406846123,43.375843111120396,133.59082355561878
"P0014","Zanjan","20 to 24",136.92307692310385,142,5.076923076896151,58.50897435896378,25.509353257567767,-45.25703694419932,55.41088309799162,8.175014337868312,108.84293438005926
"P0014","Zanjan","25 to 29",155.87692307695164,163,7.123076923048359,58.907692307677564,28.14101935016478,-48.40357358126638,62.649727427363096,3.3810418033628267,114.43434281199231
"P0014","Zanjan","30 to 34",224.5192307693153,221,-3.5192307693152998,66.47051282047275,29.559384083197067,-61.84453763496289,54.80607609633229,8.145205954825158,124.79581968612034
"P0014","Zanjan","35 to 39",214.55961538463632,297,82.44038461536368,128.2205128205002,29.01038287068161,25.19834335834488,139.68242587238248,70.9784715634814,185.462554077519
"P0014","Zanjan","40 to 44",195.14038461539462,299,103.85961538460538,128.44871794870926,25.261134500409202,54.015429952193315,153.70380081701745,78.6045325162972,178.29290338112133
"P0014","Zanjan","45 to 49",277.2596153846783,396,118.74038461532172,151.99102564098303,28.883661602587125,61.74838432083489,175.73238490980856,94.9990253464962,208.98302593546987
"P0014","Zanjan","5 to 9",92.17307692312414,97,4.8269230768758575,46.5871794871541,22.20833482952329,-38.99360918662651,48.64745534037822,2.766647223651738,90.40771175065646
"P0014","Zanjan","50 to 54",252.05000000003076,434,181.94999999996924,210.74999999997738,33.8078246984119,115.24185261621551,248.65814738372296,144.04185261622365,277.4581473837311
"P0014","Zanjan","55 to 59",429.87307692314613,625,195.12692307685387,243.05256410251707,43.336644905102,109.6169169988011,280.6369291549066,157.5425580244643,328.5625701805698
"P0014","Zanjan","60 to 64",657.6423076923227,987,329.3576923076773,386.50769230767884,54.69137013809082,221.4430301743704,437.27235444098426,278.5930301743719,494.42235444098577
"P0014","Zanjan","65 to 69",839.5500000000326,1153,313.4499999999674,371.4833333333163,51.68824603863352,211.46097333198253,415.4390266679523,269.4943066653314,473.4723600013012
"P0014","Zanjan","70 to 74",782.5288461538173,1301,518.4711538461827,552.5653846154089,57.85571687352997,404.31273866801064,632.6295690243547,438.40696943723685,666.723799793581
"P0014","Zanjan","75 to 79",956.5923076925319,1590,633.4076923074681,680.7051282049471,77.96136899511237,479.57766805839356,787.2377165565426,526.8751039558725,834.5351524540216
"P0014","Zanjan","80",3912.398076923826,5026,1113.601923076174,1297.4948717943273,175.1653543837069,767.9731705316583,1459.2306756206897,951.8661192498116,1643.123624338843
"P0015","Semnan","0 to 4",198.35000000001003,130,-68.35000000001003,35.399999999998286,28.858725079954212,-125.29279661925676,-11.407203380763292,-21.54279661924845,92.34279661924502
"P0015","Semnan","10 to 14",44.38653846156045,36,-8.386538461560448,22.384615384608722,9.604617387123604,-27.337956896207668,10.564879973086772,3.433196949961502,41.336033819255945
"P0015","Semnan","15 to 19",53.588461538504916,59,5.411538461495084,39.426923076902995,15.771515579873647,-25.708138570455464,36.53121549344563,8.307246044952446,70.54660010885354
"P0015","Semnan","20 to 24",71.2692307692289,67,-4.269230769228898,31.59615384615468,17.751377233522092,-39.29548576557675,30.757024227118954,-3.4301011501931704,66.62240884250254
"P0015","Semnan","25 to 29",80.3480769230753,91,10.651923076924703,49.467948717948815,21.9481212933769,-32.65516701526528,53.959013169114684,6.160858625758834,92.7750388101388
"P0015","Semnan","30 to 34",124.88846153845674,118,-6.888461538456738,44.314102564104644,22.75395093710339,-51.785580066946245,38.00865699003277,-0.5830159643848631,89.21122109259414
"P0015","Semnan","35 to 39",131.69807692304846,197,65.30192307695154,94.56987179489097,22.938396237135535,20.040865005810446,110.56298114809263,49.30881372374988,139.83092986603208
"P0015","Semnan","40 to 44",126.81923076922664,197,70.18076923077336,99.52692307692624,22.164319984859237,26.447085167979417,113.9144532935673,55.79323901413229,143.26060713972018
"P0015","Semnan","45 to 49",147.92115384615374,236,88.07884615384626,118.725,25.86349009123536,37.046118545511625,139.11157376218088,67.69227239166537,169.75772760833462
"P0015","Semnan","5 to 9",24.844230769250792,21,-3.8442307692507924,19.85705128204451,11.779979274280334,-27.08797983078595,19.399518292284366,-3.3866977794906497,43.100800343579664
"P0015","Semnan","50 to 54",199.40384615384727,325,125.59615384615273,153.43589743589575,29.536071782415714,67.3168458109608,183.87546188134468,95.15658940070382,211.7152054710877
"P0015","Semnan","55 to 59",302.0769230770181,482,179.92307692298192,207.79615384607604,35.04182773008535,110.78004776723597,249.06610607872787,138.6531246903301,276.939183001822
"P0015","Semnan","60 to 64",501.47884615383214,622,120.52115384616786,196.51025641026797,43.76023825669817,34.1753315634013,206.86697612893443,110.16443412750141,282.85607869303453
"P0015","Semnan","65 to 69",520.5307692307267,807,286.4692307692733,337.7205128205419,46.34098465779361,195.03119055115837,377.9072709873882,246.282472602427,429.1585530386568
"P0015","Semnan","70 to 74",736.1230769231263,863,126.87692307687371,222.1166666666412,53.487638896806516,21.337411719173886,232.41643443457355,116.57715530894139,327.65617802434105
"P0015","Semnan","75 to 79",743.3673076923952,1018,274.63269230760477,338.4243589743027,55.208560370896826,165.69753262430072,383.5678519909088,229.48919929099867,447.35951865760677
"P0015","Semnan","80",2649.3692307692318,3256,606.6307692307682,716.2705128205184,110.24087698132753,389.1082064812605,824.153331980276,498.7479500710107,933.7930755700262
"P0016","Sistan and Baluchistan","0 to 4",3340.6653846152903,3246,-94.66538461529035,366.8115384615826,176.74694361535506,-443.4148610900357,254.084091859455,18.06206198683725,715.5610149363279
"P0016","Sistan and Baluchistan","10 to 14",666.4307692308124,784,117.56923076918758,226.8589743589485,71.3187568470742,-23.15387654165346,258.2923380800286,86.13586704810746,367.58208166978955
"P0016","Sistan and Baluchistan","15 to 19",1162.0269230769252,1143,-19.026923076925186,161.34615384615245,80.60518547528996,-178.07361243203857,140.0197662781882,2.2994644910390605,320.3928432012658
"P0016","Sistan and Baluchistan","20 to 24",1112.3173076922697,1087,-25.31730769226965,167.28333333335075,85.54524898007479,-194.11151814056268,143.47690275602338,-1.510877114942275,336.0775437816438
"P0016","Sistan and Baluchistan","25 to 29",1170.0365384614934,1097,-73.03653846149336,172.43589743591656,111.07236879663621,-292.1997651418751,146.1266882188884,-46.72732924446521,391.5991241162983
"P0016","Sistan and Baluchistan","30 to 34",1726.026923077207,1403,-323.0269230772069,106.9576923076117,141.33994536635635,-601.9128316152235,-44.14101453919034,-171.92821623040487,385.84360084562826
"P0016","Sistan and Baluchistan","35 to 39",1456.128846154002,1440,-16.128846154002076,233.00705128198808,97.94024863593015,-209.38033746080643,177.12264515280228,39.75555997518373,426.25854258879247
"P0016","Sistan and Baluchistan","40 to 44",999.5019230768833,1246,246.49807692311674,343.2865384615643,63.31058395233117,121.57635235436597,371.41980149186753,218.36481389281352,468.2082630303151
"P0016","Sistan and Baluchistan","45 to 49",857.73846153848,1140,282.26153846152,382.0884615384597,56.27333814619691,171.22540501254804,393.29767191049194,271.05232808948773,493.12459498743164
"P0016","Sistan and Baluchistan","5 to 9",1316.6730769230496,1311,-5.673076923049621,241.51666666667597,117.36197213536441,-237.24667872363068,225.90052487753144,9.943064866094915,473.09026846725703
"P0016","Sistan and Baluchistan","50 to 54",855.6096153846288,1259,403.3903846153712,453.8711538461453,57.841944533875655,289.2591444261751,517.5216248045673,339.7399136569492,568.0023940353415
"P0016","Sistan and Baluchistan","55 to 59",935.2615384614847,1353,417.73846153851525,494.58846153849896,73.2698690262112,273.16550349136753,562.311419585663,350.01550349135124,639.1614195856466
"P0016","Sistan and Baluchistan","60 to 64",1284.3173076925862,1821,536.6826923074138,611.1249999998159,78.24190501628304,382.29912643258706,691.0662581822406,456.74143412498915,765.5085658746427
"P0016","Sistan and Baluchistan","65 to 69",1457.3769230770513,2078,620.6230769229487,686.8730769229977,78.27374599192814,466.1766838027986,775.0694700430988,532.4266838028476,841.3194700431478
"P0016","Sistan and Baluchistan","70 to 74",1619.2961538461261,1948,328.7038461538739,512.9615384615583,89.32556199368408,152.4504844612118,504.957207846536,336.70817676889624,689.2149001542205
"P0016","Sistan and Baluchistan","75 to 79",1399.2711538462459,1752,352.72884615375415,474.98461538454933,91.89672332831746,171.40217936713285,534.0555129403755,293.657948597928,656.3112821711707
"P0016","Sistan and Baluchistan","80",4991.451923077482,4823,-168.4519230774822,561.2038461536777,223.6713259082269,-609.790574922376,272.8867287674116,119.86519430878383,1002.5424979985714
"P0017","Fars","0 to 4",1369.267307692132,1132,-237.2673076921319,72.40448717952836,98.56715569647471,-431.7557850802291,-42.778830304034756,-122.08399020856879,266.89296456762554
"P0017","Fars","10 to 14",275.4961538462458,341,65.50384615375418,109.97820512814465,32.73111095410357,0.9202240769719907,130.0874682305364,45.39458305136246,174.56182720492683
"P0017","Fars","15 to 19",563.4134615384944,733,169.5865384615056,233.81153846151648,54.392591485131625,62.261413531331925,276.91166339167927,126.4864135313428,341.13666339169015
"P0017","Fars","20 to 24",592.5499999999963,750,157.45000000000368,215.50000000000875,67.23321664019662,24.788305119387502,290.1116948806199,82.83830511939257,348.16169488062496
"P0017","Fars","25 to 29",846.9269230768714,1018,171.0730769231286,241.3500000000165,69.81028934330158,33.32641289022476,308.81974095603243,103.60333596711266,379.09666403292033
"P0017","Fars","30 to 34",1124.5769230770493,1281,156.4230769229507,274.0320512819678,82.68511595581006,-6.727641907002408,319.57379575290383,110.8813324520147,437.18277011192095
"P0017","Fars","35 to 39",1281.3153846154833,1585,303.68461538451675,376.6346153845508,82.88214166504505,140.1451338889002,467.2240968801333,213.09513388893424,540.1740968801673
"P0017","Fars","40 to 44",1076.4038461538778,1618,541.5961538461222,608.3461538461298,71.0989901197448,401.30668080094347,681.885626891301,468.0566808009511,748.6356268913086
"P0017","Fars","45 to 49",1317.5980769230398,1774,456.4019230769602,554.6269230769485,81.73640468786193,295.1231605663347,617.6806855875857,393.34816056632303,715.905685587574
"P0017","Fars","5 to 9",332.35576923080816,288,-44.355769230808164,53.96794871793328,40.169658176479125,-123.61681314285411,34.905274681237785,-25.293095194112666,133.22899262997925
"P0017","Fars","50 to 54",1500.0250000001565,2346,845.9749999998435,882.0749999998643,89.21571533287342,669.9383830195176,1022.0116169801694,706.0383830195384,1058.11161698019
"P0017","Fars","55 to 59",2004.6903846152295,2950,945.3096153847705,1006.9333333334595,105.62884673104227,736.8873126022642,1153.731918167277,798.5110305509531,1215.3556361159658
"P0017","Fars","60 to 64",2826.173076923379,4227,1400.826923076621,1502.7230769228372,136.62354499428807,1131.2472131463928,1670.406633006849,1233.1433669926091,1772.3027868530653
"P0017","Fars","65 to 69",3421.6673076923453,5188,1766.3326923076547,1854.9391025640643,130.20227966590542,1509.4231472796973,2023.2422373356121,1598.029557536107,2111.8486475920217
"P0017","Fars","70 to 74",3465.1250000004147,4994,1528.8749999995853,1643.3249999996988,118.70199022044517,1294.6573320778066,1763.092667921364,1409.10733207792,1877.5426679214775
"P0017","Fars","75 to 79",2928.584615384204,4643,1714.415384615796,1804.5128205131787,161.4027397286849,1395.9424320963599,2032.8883371352322,1486.0398679937425,2122.985773032615
"P0017","Fars","80",16313.25576923163,19546,3232.7442307683705,3807.3512820507494,473.11555004405943,2299.2129514439316,4166.27551009281,2873.8200027263106,4740.882561375189
"P0018","Qazvin","0 to 4",77.76923076934736,488,410.23076923065264,432.6282051280996,117.69942788878281,177.99131423379694,642.4702242275083,200.38875013124388,664.8676601249553
"P0018","Qazvin","10 to 14",63.59423076922762,86,22.40576923077238,46.022435897437255,15.89647735991106,-8.960477017459734,53.772015479004494,14.656189649205142,77.38868214566936
"P0018","Qazvin","15 to 19",79.76346153851892,149,69.23653846148108,92.82499999996199,22.485658666193995,24.868802716693317,113.60427420626883,48.45726425517423,137.19273574474974
"P0018","Qazvin","20 to 24",120.55384615384278,179,58.446153846157216,89.08333333333732,27.260398238271367,4.657107090248985,112.23520060206545,35.29428657742909,142.87238008924555
"P0018","Qazvin","25 to 29",197.88269230772445,203,5.117307692275546,67.68076923075492,31.750660524099153,-57.531731714055454,67.76634709860654,5.03172982442392,130.32980863708593
"P0018","Qazvin","30 to 34",215.215384615384,316,100.78461538461599,145.4282051282059,34.676142337394054,32.36314093667362,169.20608983255835,77.00673068026352,213.84967957614828
"P0018","Qazvin","35 to 39",299.0711538460671,402,102.92884615393291,137.65705128210715,33.302141028440026,37.21849206468907,168.63920024317673,71.94669719286331,203.36740537135097
"P0018","Qazvin","40 to 44",275.40192307695554,456,180.59807692304446,207.83076923074609,34.65509469889099,112.21813277123522,248.9780210748537,139.45082507893684,276.21071338255535
"P0018","Qazvin","45 to 49",351.64807692298996,570,218.35192307701004,254.91153846160486,36.70422651500075,145.92872005193146,290.7751261020886,182.48833543652628,327.33474148668347
"P0018","Qazvin","5 to 9",80.29807692307837,81,0.7019230769216307,42.956410256407835,22.58766363478682,-43.867084489980286,45.27093064382355,-1.6125973104940812,87.52541782330975
"P0018","Qazvin","50 to 54",369.2846153845418,649,279.7153846154582,293.6807692308346,45.951864767621366,189.04513904888086,370.3856301820356,203.01052366425722,384.35101479741195
"P0018","Qazvin","55 to 59",656.9076923077508,918,261.09230769224916,305.0051282050848,49.245221512326985,163.92375207251354,358.2608633119848,207.8365725853492,402.17368382482044
"P0018","Qazvin","60 to 64",746.1115384614723,1194,447.88846153852774,478.4961538462082,53.02377005175352,343.26423625908245,552.512686817973,373.8719285667629,583.1203791256535
"P0018","Qazvin","65 to 69",851.9769230769401,1349,497.0230769230599,548.8371794871655,56.01579223730201,386.4951219979032,607.5510318482166,438.3092245620088,659.3651344123222
"P0018","Qazvin","70 to 74",1167.5596153847334,1532,364.44038461526657,470.1019230768517,73.03965908561396,220.32166693358332,508.55910229694985,325.9832053951684,614.220640758535
"P0018","Qazvin","75 to 79",1057.4211538460613,1813,755.5788461539387,778.5750000000834,76.85354373167577,603.934735124896,907.2229571829814,626.9308889710405,930.2191110291262
"P0018","Qazvin","80",4283.586538461508,5609,1325.413461538492,1468.1942307692375,173.51741596119453,983.0363502974012,1667.7905727795826,1125.8171195281468,1810.5713420103282
"P0019","Qom","0 to 4",342.8730769230149,336,-6.873076923014878,89.02307692311115,49.58620504641854,-104.71444660430356,90.9682927582738,-8.818292758177535,186.86444660439983
"P0019","Qom","10 to 14",77.04615384614809,60,-17.046153846148087,27.61025641025951,16.077777073318885,-48.77013290063229,14.677825208336113,-4.113722644224691,59.33423546474371
"P0019","Qom","15 to 19",141.9288461538673,129,-12.928846153867312,49.086538461530864,22.258384455680954,-56.8481341896801,30.99044188194548,5.167250425718073,93.00582649734366
"P0019","Qom","20 to 24",165.45192307693156,153,-12.451923076931564,52.18461538461036,24.81944885406885,-61.42459336584653,36.520747211983405,3.211945095695391,101.15728567352534
"P0019","Qom","25 to 29",158.75192307694223,228,69.24807692305777,105.49166666665585,27.776034518095877,14.441598810421056,124.05455503569448,50.685188554019135,160.29814477929256
"P0019","Qom","30 to 34",250.88846153849627,322,71.11153846150373,124.52179487177433,31.00263434258616,9.938472182944516,132.28460474006295,63.34872859321512,185.69486115033354
"P0019","Qom","35 to 39",254.56923076927143,434,179.43076923072857,206.77820512817604,30.191358105427984,119.85847837265439,239.00306008880275,147.20591427010186,266.3504959862502
"P0019","Qom","40 to 44",311.3673076922497,517,205.6326923077503,233.3788461538909,32.630994190587735,141.24661632793755,270.01876828756303,168.99277017407815,297.76492213370364
"P0019","Qom","45 to 49",363.6826923077349,587,223.3173076922651,270.1038461538154,39.09401476498648,146.17867715245796,300.45593823207224,192.9652156140083,347.24247669362256
"P0019","Qom","5 to 9",84.51153846151172,78,-6.511538461511719,37.789743589754714,17.77006814521381,-41.57467356188846,28.55159663886502,2.7266084893779734,72.85287869013146
"P0019","Qom","50 to 54",445.7980769230503,741,295.2019230769497,339.89551282053236,45.32677091942556,205.76508583895026,384.63876031494914,250.45867558253292,429.3323500585318
"P0019","Qom","55 to 59",679.417307692324,1058,378.582692307676,431.7153846153718,55.93336894030909,268.2173714914188,488.94801312393315,321.35006379911465,542.080705431629
"P0019","Qom","60 to 64",829.1269230771311,1447,617.8730769228689,668.3538461536798,62.76447484053471,494.0289113938466,741.7172424518913,544.5096806246574,792.1980116827021
"P0019","Qom","65 to 69",1081.9442307693103,1778,696.0557692306897,765.4749999999535,64.77055982902438,568.2532829794593,823.8582554819202,637.6725137487231,893.277486251184
"P0019","Qom","70 to 74",843.6384615384052,1524,680.3615384615948,712.711538461584,64.43319913140088,553.2247178466279,807.4983590765618,585.5747178466171,839.848359076551
"P0019","Qom","75 to 79",1073.0442307692492,1768,694.9557692307508,756.4288461538348,80.4891433450589,536.1380492220899,853.7734892394117,597.611126145174,915.2465661624956
"P0019","Qom","80",4308.175000000112,5416,1107.824999999888,1444.5666666665795,158.54241765056804,794.9959121317313,1420.6540878680446,1131.7375787984229,1757.3957545347362
"P0020","Kurdistan","0 to 4",215.93269230773058,352,136.06730769226942,199.61858974357892,76.38123772432245,-14.644869412310072,286.7794847968489,48.90641263899943,350.3307668481584
"P0020","Kurdistan","10 to 14",36.723076923094936,103,66.27692307690506,84.97307692306316,21.236521243047193,24.37393163522396,108.17991451858617,43.07008548138206,126.87606836474427
"P0020","Kurdistan","15 to 19",126.66730769239251,171,44.33269230760749,83.13589743584598,29.680634437951536,-14.23186054938818,102.89724516460316,24.571344578850308,141.70045029284165
"P0020","Kurdistan","20 to 24",162.43653846158975,208,45.56346153841025,82.97820512817793,33.989827790749764,-21.503806528684677,112.63072960550518,15.910937061083004,150.04547319527285
"P0020","Kurdistan","25 to 29",204.0846153846295,290,85.9153846153705,121.28589743589112,39.10121412865231,8.762548600447062,163.06822063029392,44.13306142096768,198.43873345081454
"P0020","Kurdistan","30 to 34",307.3153846154029,360,52.68461538459712,112.43589743588812,38.35180598939833,-22.989520682905933,128.3587514521002,36.761761368385066,188.11003350339118
"P0020","Kurdistan","35 to 39",355.36346153841606,406,50.63653846158394,119.87820512823075,39.10837679742123,-26.530430623661545,127.80350754682942,42.71123604298526,197.04517421347623
"P0020","Kurdistan","40 to 44",300.6961538462057,441,140.30384615379432,175.17692307688657,36.235279666809284,68.80594890462307,211.8017434029656,103.67902582771531,246.67482032605784
"P0020","Kurdistan","45 to 49",346.08846153837555,630,283.91153846162445,307.58846153852625,37.925156227968884,209.07924937542143,358.74382754782744,232.75617245232323,382.4207506247293
"P0020","Kurdistan","5 to 9",-4.765384615238531,117,121.76538461523853,137.0653846152544,43.85349380525786,35.235554490111014,208.29521474036605,50.535554490126884,223.59521474038192
"P0020","Kurdistan","50 to 54",496.57884615405237,723,226.42115384594763,280.73589743574445,43.964393726218645,139.67250076080143,313.16980693109383,193.98724435059825,367.48455052089065
"P0020","Kurdistan","55 to 59",532.4134615384712,888,355.5865384615288,387.71987179486126,53.76415495445361,249.50141749741252,461.6716594256451,281.634750830745,493.8049927589775
"P0020","Kurdistan","60 to 64",988.5653846153018,1350,361.4346153846982,438.7230769231332,73.70856260775699,215.99604600777337,506.873184761623,293.2845075462084,584.161646300058
"P0020","Kurdistan","65 to 69",1144.324999999993,1932,787.675000000007,826.3000000000179,68.79319582026928,651.9352212146088,923.4147787854052,690.5602212146197,962.0397787854162
"P0020","Kurdistan","70 to 74",1204.2980769231126,2035,830.7019230768874,867.438461538432,73.33765664807635,685.9952094062852,975.4086367474896,722.7317478678298,1012.1451752090342
"P0020","Kurdistan","75 to 79",1243.0307692309011,2015,771.9692307690989,809.8179487178338,90.4120842326454,593.5719900691677,950.3664714690301,631.4207080179026,988.215189417765
"P0020","Kurdistan","80",5262.842307692568,7069,1806.1576923074317,2077.6858974356987,201.5904467119752,1408.3880827456876,2203.927301869176,1679.9162878739546,2475.455506997443
"P0021","Kerman","0 to 4",1787.2288461540295,1291,-496.2288461540295,53.59807692304844,124.16768907840898,-741.2311962677209,-251.22649604033816,-191.4042731906429,298.6004270367398
"P0021","Kerman","10 to 14",444.91923076925497,355,-89.91923076925497,61.26794871793783,42.98824076123065,-174.74178075731055,-5.096680781199382,-23.554601270117757,146.0904987059934
"P0021","Kerman","15 to 19",576.5999999999431,678,101.40000000005693,172.8000000000348,50.155003704051424,2.436301241889254,200.36369875822461,73.83630124186712,271.7636987582025
"P0021","Kerman","20 to 24",700.2653846155195,697,-3.2653846155194515,137.0102564101883,54.765017691674394,-111.32536493781761,104.79459570677871,28.950276087890146,245.07023673248648
"P0021","Kerman","25 to 29",654.7711538462418,731,76.22884615375824,158.50769230763638,61.57454249508051,-45.267395988138134,197.72508829565461,37.01145016574,280.0039344495327
"P0021","Kerman","30 to 34",873.705769230943,981,107.29423076905698,219.3115384614481,63.000725967923785,-17.01609533569112,231.60455687380508,95.0012123567,343.6218645661962
"P0021","Kerman","35 to 39",791.2288461539144,1045,253.77115384608555,308.3038461538069,55.14027160794648,144.97073861629733,362.57156907587375,199.50343092401866,417.10426138359514
"P0021","Kerman","40 to 44",757.996153846161,1049,291.00384615383905,339.44743589743865,55.63163863834957,181.23388660772613,400.77380569995194,229.67747635132574,449.2173954435516
"P0021","Kerman","45 to 49",907.0730769230925,1152,244.92692307690754,338.9628205128164,60.794598609819836,124.96963270470224,364.88421344911285,219.00553014061109,458.9201108850217
"P0021","Kerman","5 to 9",483.0499999999767,373,-110.0499999999767,48.70000000000488,59.88495824114953,-228.21242707290796,8.112427072954546,-69.46242707292637,166.86242707293613
"P0021","Kerman","50 to 54",893.2942307693154,1385,491.7057692306846,537.1038461537743,70.28677208442326,353.01892992166916,630.3926085397001,398.4170068447588,675.7906854627897
"P0021","Kerman","55 to 59",1324.6769230767989,1761,436.32307692320114,541.3615384616231,91.67576503270881,255.43239555358355,617.2137582928187,360.47085709200553,722.2522198312407
"P0021","Kerman","60 to 64",1782.528846154,2479,696.4711538460001,808.2666666665757,85.7846360847201,527.2045950463742,865.7377126456261,639.0001078669497,977.5332254662017
"P0021","Kerman","65 to 69",1873.130769230798,2780,906.869230769202,1000.6269230769224,97.36016965745189,714.7623263837904,1098.9761351546135,808.5200186915108,1192.733827462334
"P0021","Kerman","70 to 74",1905.5423076923023,2872,966.4576923076977,1015.2038461538568,94.02809682464033,780.9254908973355,1151.9898937180599,829.6716447434947,1200.736047564219
"P0021","Kerman","75 to 79",1876.807692307548,2773,896.192307692452,987.1115384616328,96.23018942268436,706.3150317647727,1086.0695836201312,797.2342625339535,1176.988814389312
"P0021","Kerman","80",9033.394230770009,10766,1732.605769229991,2176.498076922562,286.4603476255927,1167.3745170131924,2297.8370214467895,1611.2668247057636,2741.7293291393607
"P0022","Kermanshah","0 to 4",826.8384615384919,588,-238.83846153849186,37.54230769230058,72.36161005592719,-381.61928200231944,-96.05764107466425,-105.23851277152703,180.32312815612818
"P0022","Kermanshah","10 to 14",189.184615384641,124,-65.184615384641,23.099999999991837,29.215132639743445,-122.83066009036463,-7.538570678917381,-34.54604470573179,80.74604470571546
"P0022","Kermanshah","15 to 19",269.4980769231456,343,73.50192307685438,108.57499999995825,36.297313803693406,1.8816227336359503,145.12222342007283,36.95469965673982,180.19530034317668
"P0022","Kermanshah","20 to 24",397.58076923089095,336,-61.58076923089095,60.62948717944559,41.460274918385686,-143.38840265595834,20.226864194176443,-21.178146245621804,142.43712060451298
"P0022","Kermanshah","25 to 29",434.01730769226947,509,74.98269230773053,149.27692307694417,48.601471541242994,-20.915643523170942,170.88102813863202,53.3785872460427,245.17525890784566
"P0022","Kermanshah","30 to 34",533.2769230768456,698,164.7230769231544,214.0320512821049,58.03077745100052,50.2192397337419,279.2269141125669,99.52821409269241,328.5358884715174
"P0022","Kermanshah","35 to 39",633.4942307692294,819,185.50576923077062,235.48974358975101,46.63051574248412,93.49643871397464,277.51509974756664,143.48041307295503,327.499074106547
"P0022","Kermanshah","40 to 44",572.692307692255,907,334.307692307745,382.7243589743998,52.45121911842154,230.81319993439854,437.8021846810915,279.22986660105335,486.2188513477463
"P0022","Kermanshah","45 to 49",712.1884615384357,979,266.8115384615643,324.01923076924925,59.75288053375066,148.90972144709934,384.7133554760292,206.1174137547843,441.9210477837142
"P0022","Kermanshah","5 to 9",155.3096153846656,140,-15.309615384665591,44.417948717929306,41.66270306573171,-97.51667133420003,66.89744056486884,-37.78910723160513,126.62500466746374
"P0022","Kermanshah","50 to 54",816.0788461539879,1269,452.9211538460121,487.8320512819363,60.42252681835802,333.6980195493184,572.1442881427057,368.6089169852426,607.0551855786299
"P0022","Kermanshah","55 to 59",1119.42884615372,1575,455.5711538462799,516.5474358975317,70.24933237366685,316.95818896619994,594.1841187263599,377.93447101745176,655.1604007776117
"P0022","Kermanshah","60 to 64",1644.58846153849,2145,500.41153846150996,598.5371794871569,73.0836091171831,356.2061004655329,644.616976457487,454.33174149117986,742.7426174831339
"P0022","Kermanshah","65 to 69",1833.625000000072,2580,746.3749999999279,831.7583333332993,85.53486783369478,577.6012731837203,915.1487268161355,662.9846065170917,1000.532060149507
"P0022","Kermanshah","70 to 74",2044.480769230769,2908,863.519230769231,928.661538461547,84.87636478271007,696.0448338853571,1030.9936276531048,761.1871415776732,1096.1359353454209
"P0022","Kermanshah","75 to 79",1799.6692307690525,2661,861.3307692309475,924.0653846155172,97.74687997240355,668.4608246643136,1054.2007137975813,731.1954400488833,1116.9353291821512
"P0022","Kermanshah","80",6820.644230769673,8773,1952.3557692303266,2154.548076922766,200.64929036549904,1556.4432089414047,2348.2683295192487,1758.6355166338442,2550.460637211688
"P0023","Kohgiluyeh and Boyer Ahmad","0 to 4",241.95192307705014,214,-27.95192307705014,49.57051282045734,34.61979375543905,-96.2622129236923,40.358366769592024,-18.739777026184825,117.8808026670995
"P0023","Kohgiluyeh and Boyer Ahmad","10 to 14",29.05769230769529,62,32.94230769230471,48.838461538458816,16.06607262677105,1.2414233489509456,64.64319203565847,17.137577195105052,80.53934588181258
"P0023","Kohgiluyeh and Boyer Ahmad","15 to 19",143.77307692309094,134,-9.77307692309094,42.91410256409684,25.112942349709854,-59.32485596975787,39.77870212357599,-6.637676482570093,92.46588161076377
"P0023","Kohgiluyeh and Boyer Ahmad","20 to 24",123.32500000000198,166,42.67499999999802,79.7916666666643,25.56711627424388,-7.772935524228281,93.12293552422432,29.343731142437996,130.2396021908906
"P0023","Kohgiluyeh and Boyer Ahmad","25 to 29",232.3961538461113,175,-57.396153846111304,41.576923076941625,34.636869687873286,-125.74013718908752,10.947829496864912,-26.76706026603459,109.92090641991784
"P0023","Kohgiluyeh and Boyer Ahmad","30 to 34",207.45576923085724,203,-4.455769230857243,64.23141025637081,31.967824670904392,-67.53330760276148,58.621769141047,1.153871884466568,127.30894862827505
"P0023","Kohgiluyeh and Boyer Ahmad","35 to 39",155.35769230771058,221,65.64230769228942,99.32435897434847,32.578878116984676,1.3590649101162455,129.9255504744626,35.041116192175295,163.60760175652166
"P0023","Kohgiluyeh and Boyer Ahmad","40 to 44",195.64038461531814,216,20.35961538468186,79.8692307692663,25.030878964522778,-29.03023971559977,69.7494704849635,30.479375668984666,129.25908586954793
"P0023","Kohgiluyeh and Boyer Ahmad","45 to 49",182.75769230767918,263,80.24230769232082,125.95256410257363,29.688812004180633,21.661619212932486,138.82299617170915,67.3718756231853,184.53325258196196
"P0023","Kohgiluyeh and Boyer Ahmad","5 to 9",72.7096153845982,52,-20.709615384598195,23.90576923077527,16.543219876163718,-53.351986183237976,11.932755414041587,-8.736601567864511,56.54814002941505
"P0023","Kohgiluyeh and Boyer Ahmad","50 to 54",156.88846153844503,320,163.11153846155497,187.6974358974486,26.340388083907275,111.13781622058818,215.08526070252177,135.7237136564818,239.6711581384154
"P0023","Kohgiluyeh and Boyer Ahmad","55 to 59",250.17115384622204,337,86.82884615377796,131.79487179482712,32.24209220726451,23.210134861069108,150.44755744648683,68.17616050211826,195.41358308753598
"P0023","Kohgiluyeh and Boyer Ahmad","60 to 64",431.7326923077137,495,63.267307692286295,143.58717948716446,37.17780602280914,-10.090342073646696,136.62495745821928,70.22952972123147,216.94482925309745
"P0023","Kohgiluyeh and Boyer Ahmad","65 to 69",466.90576923070955,551,84.09423076929045,166.11730769235578,35.64834130683826,13.754455078409364,154.43400646017153,95.7775320014747,236.45708338323686
"P0023","Kohgiluyeh and Boyer Ahmad","70 to 74",351.88846153854,477,125.11153846145999,170.4115384614906,37.81594949021561,50.49473141890607,199.7283455040139,95.79473141893669,245.02834550404452
"P0023","Kohgiluyeh and Boyer Ahmad","75 to 79",332.00192307688275,542,209.99807692311725,244.59615384618678,39.34940945090993,132.35551256025025,287.64064128598426,166.95358948331977,322.2387182090538
"P0023","Kohgiluyeh and Boyer Ahmad","80",1936.0615384614273,2271,334.9384615385727,479.77307692316344,98.20175612800402,141.17097488220543,528.70594819494,286.00559026679616,673.5405635795307
"P0024","Golestan","0 to 4",676.4807692305113,579,-97.48076923051133,65.8538461539261,60.17017800346675,-216.20597968602175,21.244441224999107,-52.871364301584336,184.57905660943652
"P0024","Golestan","10 to 14",138.66346153844876,130,-8.663461538448757,43.574358974365424,22.375030330288187,-52.81291020318162,35.48598712628411,-0.5750896903674416,87.72380763909828
"P0024","Golestan","15 to 19",215.16346153850404,267,51.83653846149596,98.00192307689687,34.73188178765864,-16.694918675262045,120.36799559825397,29.470465940138865,166.53338021365488
"P0024","Golestan","20 to 24",265.6250000000709,293,27.374999999929116,81.49166666662117,38.52814045177799,-48.647071653793716,103.39707165365195,5.469595012898338,157.513738320344
"P0024","Golestan","25 to 29",290.81538461538173,391,100.18461538461827,145.50000000000318,36.19341865159221,28.769316492414518,171.599914276822,74.08470110779943,216.91529889220692
"P0024","Golestan","30 to 34",389.9365384615125,494,104.0634615384875,144.38910256411847,41.76834296234516,21.647961483017284,186.4789615939577,61.973602508648256,226.8046026195887
"P0024","Golestan","35 to 39",435.99807692318456,645,209.00192307681544,248.76410256403193,45.6847725047139,118.85869248970019,299.1451536639307,158.62087197691667,338.9073331511472
"P0024","Golestan","40 to 44",530.3846153846446,746,215.61538461535542,269.319230769214,45.766008334867564,125.31186297789681,305.91890625281405,179.0157091317554,359.62275240667265
"P0024","Golestan","45 to 49",561.7461538462456,1002,440.25384615375435,475.6423076922343,50.66219432970175,340.28938064086765,540.2183116666411,375.6778421793476,575.606773205121
"P0024","Golestan","5 to 9",131.93461538463924,122,-9.934615384639244,41.966666666654106,26.492130483529987,-62.20774921001571,42.338518440737225,-10.306467158722363,94.23980049203058
"P0024","Golestan","50 to 54",783.4480769231416,1268,484.55192307685843,523.8846153845658,64.08631487677182,358.09955957172696,611.0042865819898,397.4322518794343,650.3369788896973
"P0024","Golestan","55 to 59",1206.7249999999683,1749,542.2750000000317,614.0250000000232,82.07483083509682,380.32846955373884,704.2215304463246,452.0784695537303,775.971530446316
"P0024","Golestan","60 to 64",1472.9019230770916,2428,955.0980769229084,994.3852564101192,91.11948825449119,775.3050169956205,1134.8911368501963,814.5921964828312,1174.178316337407
"P0024","Golestan","65 to 69",1787.1442307695113,2678,890.8557692304887,968.6160256408396,85.05762410618202,723.0237192360491,1058.6878192249283,800.7839756464,1136.448075635279
"P0024","Golestan","70 to 74",1869.9269230767711,2578,708.0730769232289,789.3653846155116,87.8537198422681,534.7238909365799,881.4222629098779,616.0161986288626,962.7145706021606
"P0024","Golestan","75 to 79",1332.1326923078786,2345,1012.8673076921214,1034.2557692305845,101.26128069910993,813.0628985826174,1212.6717168016253,834.4513601210806,1234.0601783400884
"P0024","Golestan","80",4464.2500000004375,5627,1162.7499999995625,1281.3666666663332,177.77174876246576,811.9784220319548,1513.5215779671703,930.5950886987255,1632.138244633941
"P0025","Gilan","0 to 4",242.95192307683647,305,62.048076923163535,111.70576923082194,51.25188665493801,-39.07994415397033,163.1760980002974,10.577748153688077,212.8337903079558
"P0025","Gilan","10 to 14",70.75576923074277,105,34.24423076925723,61.23076923078662,20.83320232725143,-6.86294911348547,75.35141065199993,20.12358934804392,102.33794911352932
"P0025","Gilan","15 to 19",211.67884615375752,276,64.32115384624248,102.32756410262283,32.64116588168348,-0.08499247748648031,128.72730016997144,37.92141777889387,166.7337104263518
"P0025","Gilan","20 to 24",280.81923076921373,283,2.180769230786268,76.58205128206015,35.12981957056915,-67.13588164466282,71.49742010623535,7.2654004066110645,145.89870215750923
"P0025","Gilan","25 to 29",332.9115384615311,372,39.08846153846889,108.26025641026209,41.6551826854472,-43.10375551974744,121.28067859668522,26.06803935204576,190.45247346847842
"P0025","Gilan","30 to 34",408.6538461539154,519,110.34615384608458,164.40769230764158,40.10747471294802,31.207807673010876,189.48450001915828,85.26934613456788,243.54603848071528
"P0025","Gilan","35 to 39",627.1519230769584,714,86.84807692304162,156.40769230767074,46.84608008747153,-5.586595899104694,179.2827497451879,63.97301948552443,248.84236512981704
"P0025","Gilan","40 to 44",647.1134615385631,916,268.8865384614369,335.7493589742893,53.992433712414204,162.35098765847533,375.42208926439844,229.21380817132774,442.28490977725085
"P0025","Gilan","45 to 49",913.7538461538682,1190,276.24615384613185,347.4615384615237,64.4530744555805,149.07011609529468,403.422191596969,220.2855007106865,474.63757621236084
"P0025","Gilan","5 to 9",92.43076923076922,80,-12.430769230769215,34.296153846153146,19.983398605414806,-51.861152915316914,26.999614453778484,-5.134229838394553,73.72653753070085
"P0025","Gilan","50 to 54",1184.3692307691942,1764,579.6307692308058,638.696153846183,69.85192483194665,441.8019518402781,717.4595866213334,500.8673364556554,776.5249712367107
"P0025","Gilan","55 to 59",1847.8096153846195,2480,632.1903846153805,736.5730769230746,92.81369175674074,449.0543951167782,815.3263741139828,553.4370874244723,919.7090664216769
"P0025","Gilan","60 to 64",2350.959615384615,3291,940.0403846153849,1021.5346153846228,109.22127267016381,724.5296612926658,1155.5511079381042,806.0238920619037,1237.0453387073421
"P0025","Gilan","65 to 69",2909.586538461638,3902,992.4134615383618,1118.1365384614744,122.16213009959081,751.3683942471911,1233.4585288295325,877.0914711703036,1359.181605752645
"P0025","Gilan","70 to 74",3449.30769230749,4357,907.69230769251,1059.4000000001706,141.23264767329783,629.0181143531593,1186.3665010318607,780.7258066608199,1338.0741933395213
"P0025","Gilan","75 to 79",3078.7038461535667,4371,1292.2961538464333,1334.1384615386855,149.58573159454403,997.1400141441293,1587.4522935487373,1038.9823218363815,1629.2946012409896
"P0025","Gilan","80",12305.46153846164,14378,2072.538461538359,2470.946153846109,365.28984834703164,1351.764224843163,2793.3126982335552,1750.171917150913,3191.7203905413053
"P0026","Lorestan","0 to 4",804.8134615386455,691,-113.81346153864547,105.8320512819812,61.960782684154495,-236.07181622957808,8.444893152287136,-16.426303408951412,228.0904059729138
"P0026","Lorestan","10 to 14",167.94423076924085,182,14.055769230759154,69.28653846153503,22.80134717678126,-30.934869521822606,59.04640798334091,24.29589970895327,114.27717721411679
"P0026","Lorestan","15 to 19",275.5942307691655,328,52.405769230834494,102.95576923081018,34.10155280913405,-14.881949843070743,119.69348830473973,35.66805015690494,170.2434883047154
"P0026","Lorestan","20 to 24",291.7576923078155,401,109.24230769218451,151.63076923067814,44.562792450111196,21.31291995097068,197.17169543339833,63.70138148946431,239.56015697189196
"P0026","Lorestan","25 to 29",427.98653846151655,512,84.01346153848345,157.17884615385594,48.68029793038653,-12.04041113726457,180.0673342142315,61.12497347810792,253.23271882960398
"P0026","Lorestan","30 to 34",567.6134615385104,597,29.386538461489636,129.14807692305763,53.77686253142245,-76.7236565476115,135.49673347059075,23.037881913956497,235.25827193215878
"P0026","Lorestan","35 to 39",557.0999999999533,606,48.9000000000467,136.7000000000221,49.9106171808964,-49.58148576894885,147.38148576904226,38.218514231026546,235.18148576901766
"P0026","Lorestan","40 to 44",470.1346153845623,632,161.86538461543768,217.20769230773197,43.309698421838284,76.40854818059813,247.32222105027722,131.75085587289243,302.6645287425715
"P0026","Lorestan","45 to 49",624.9461538462833,729,104.05384615371668,199.09743589737167,50.53425901406339,4.341817109822642,203.7658751976107,99.38540685347763,298.8094649412657
"P0026","Lorestan","5 to 9",209.60192307690488,207,-2.601923076904882,63.20064102564969,30.134610077055612,-62.062241163167464,56.8583950093577,3.740322939387106,122.66095911191226
"P0026","Lorestan","50 to 54",588.7769230768491,843,254.22307692315087,293.7705128205656,47.65494837136952,160.19237995045205,348.2537738958497,199.7398158478668,387.80120979326443
"P0026","Lorestan","55 to 59",889.2596153844544,1108,218.74038461554562,323.3076923078013,65.996949017231,88.51803990117742,348.9627293299138,193.08534759343308,453.5300370221695
"P0026","Lorestan","60 to 64",1140.634615384376,1728,587.365384615624,629.8602564104676,71.07513510034859,447.1229812699577,727.6077879612902,489.61785306480135,770.1026597561339
"P0026","Lorestan","65 to 69",1236.4538461538075,1939,702.5461538461925,748.2269230769554,77.18588082486842,550.246289541346,854.8460181510391,595.9270587721088,900.5267873818019
"P0026","Lorestan","70 to 74",1276.6673076922227,1843,566.3326923077773,638.5012820513524,74.12608702345416,420.0702816897462,712.5951029258083,492.2388714333213,784.7636926693835
"P0026","Lorestan","75 to 79",1348.6326923074005,1898,549.3673076925995,595.9506410258828,92.53426092150868,366.7826791143318,731.9519362708672,413.36601244761505,778.5352696041505
"P0026","Lorestan","80",6177.340384615006,7360,1182.6596153849941,1538.8788461541153,196.09708024781926,795.7292805471602,1569.589950222828,1151.9485113162814,1925.8091809919492
"P0027","Mazandaran","0 to 4",468.73653846148,473,4.263461538520005,107.52435897438852,58.85676462244714,-111.8701780549655,120.39710113200552,-8.609280619096992,223.65799856787402
"P0027","Mazandaran","10 to 14",60.57884615380428,130,69.42115384619572,83.52115384618622,21.503996102485978,26.990392502012448,111.851915190379,41.09039250200295,125.9519151903695
"P0027","Mazandaran","15 to 19",306.9499999999507,308,1.0500000000492946,80.35000000002489,35.101065151232085,-68.20991389039168,70.30991389049026,11.090086109583922,149.60991389046586
"P0027","Mazandaran","20 to 24",295.2423076922274,355,59.75769230777257,108.38846153851387,37.69534658204753,-14.621146257224623,134.13653087276975,34.00962297351667,182.76730010351105
"P0027","Mazandaran","25 to 29",351.31923076913563,439,87.68076923086437,141.6038461538809,48.43331102655242,-7.885759496262281,183.247297957991,46.03731742675426,237.17037488100755
"P0027","Mazandaran","30 to 34",543.4788461537379,667,123.52115384626211,183.72564102570897,53.135470498039126,18.676526044616068,228.36578164790814,78.88101322406293,288.570268827355
"P0027","Mazandaran","35 to 39",764.9480769231849,928,163.05192307681511,260.5884615383977,55.434484171375146,53.67098025560591,272.4328658980243,151.20751871718852,369.9694043596069
"P0027","Mazandaran","40 to 44",708.198076922968,992,283.80192307703203,347.119230769312,59.45068946027364,166.49637650727593,401.1074696467881,229.81368419955592,464.4247773390681
"P0027","Mazandaran","45 to 49",907.3019230769161,1329,421.69807692308393,471.9544871794907,68.30857322330021,286.9145346276847,556.4816192184832,337.17094488409145,606.7380294748899
"P0027","Mazandaran","5 to 9",96.34999999996533,110,13.650000000034666,54.80000000001566,20.182032201498533,-26.17231896343504,53.47231896350437,14.977681036545953,94.62231896348536
"P0027","Mazandaran","50 to 54",1314.8423076925358,1926,611.1576923074642,687.9230769228996,79.39071903700669,454.50733595751547,767.808048657413,531.2727205729508,844.5734332728483
"P0027","Mazandaran","55 to 59",1827.675000000454,2656,828.324999999546,903.6249999996514,93.40357755194034,644.0250731900759,1012.6249268090161,719.3250731901813,1087.9249268091214
"P0027","Mazandaran","60 to 64",2434.1615384618217,3523,1088.8384615381783,1173.3179487177454,113.09306027057151,865.6880932459701,1311.9888298303865,950.1675804255372,1396.4683170099536
"P0027","Mazandaran","65 to 69",2913.2269230767843,4140,1226.7730769232157,1323.8769230770517,126.11725549091598,977.9239261135292,1475.6222277329023,1075.0277722673652,1572.7260738867383
"P0027","Mazandaran","70 to 74",3170.094230769303,4566,1395.905769230697,1453.7756410256038,134.66695719358955,1130.18671429802,1661.624824163374,1188.0565860929269,1719.4946959582808
"P0027","Mazandaran","75 to 79",3261.619230769344,4637,1375.380769230656,1425.8346153845118,136.78897308276564,1105.4746437026774,1645.2868947586344,1155.9284898565334,1695.7407409124903
"P0027","Mazandaran","80",12043.33269230834,14461,2417.6673076916595,2667.57243589694,359.55817756841896,1708.2025575566208,3127.132057826698,1958.1076857619014,3377.0371860319788
"P0028","Markazi","0 to 4",394.44615384622455,379,-15.446153846224547,90.66025641021702,51.82021904116227,-117.69558397352392,86.80327628107483,-11.58917371708236,192.9096865375164
"P0028","Markazi","10 to 14",71.22307692306643,76,4.776923076933571,42.25641025641538,18.585024031150088,-31.894247968827393,41.448094122694535,5.585239210654414,78.92758130217635
"P0028","Markazi","15 to 19",106.13461538462387,128,21.86538461537613,65.1961538461501,24.05162466344598,-25.592247964671174,69.32301719542343,17.738521266102794,112.6537864261974
"P0028","Markazi","20 to 24",118.98076923078216,174,55.01923076921784,86.79871794870658,25.89809534914378,3.918221552545475,106.12023998589021,35.697708732034215,137.89972716537895
"P0028","Markazi","25 to 29",207.59038461542167,261,53.40961538457833,104.81346153843776,34.84916637063344,-15.353262653013118,122.17249342216978,36.050583500846315,173.57633957602923
"P0028","Markazi","30 to 34",298.5961538462409,296,-2.5961538462408953,76.25512820508848,40.40495932449434,-82.32148387552121,77.12917618303942,-3.4702018241918324,155.9804582343688
"P0028","Markazi","35 to 39",326.6653846153306,417,90.3346153846694,145.1269230769553,38.03070348989717,15.294064975311969,165.37516579402683,70.08637266759787,220.16747348631276
"P0028","Markazi","40 to 44",369.71538461537807,451,81.28461538462193,146.74615384615515,33.82353168954025,14.54547564071217,148.0237551285317,80.00701410224539,213.4852935900649
"P0028","Markazi","45 to 49",450.47500000003515,577,126.52499999996485,182.4249999999797,38.657667530971736,50.24735107778058,202.8026489221491,106.14735107779542,258.702648922164
"P0028","Markazi","5 to 9",77.23269230776167,97,19.767307692238333,56.70705128201718,20.04245695677159,-19.779607394187323,59.31422277866399,17.160136195591527,96.25396636844283
"P0028","Markazi","50 to 54",495.3942307693481,698,202.6057692306519,247.98205128197125,45.35440983023918,113.11439608114297,292.09714238016085,158.49067813246234,337.47342443148017
"P0028","Markazi","55 to 59",731.6653846154563,949,217.33461538454367,290.23461538456746,53.196751814444305,112.36906992187997,322.3001608472074,185.26906992190376,395.20016084723113
"P0028","Markazi","60 to 64",766.1307692307907,1340,573.8692307692093,602.2128205128065,58.884571304095296,457.6807242260106,690.0577373124079,486.0243139696079,718.4013270560051
"P0028","Markazi","65 to 69",1208.1653846155118,1560,351.8346153844882,430.3679487178699,62.111049942687615,229.279759794175,474.3894709748014,307.8130931275567,552.9228043081831
"P0028","Markazi","70 to 74",982.9730769229693,1647,664.0269230770307,689.2512820513764,67.36426188346333,531.1066553518214,796.94719080224,556.3310143261671,822.1715497765857
"P0028","Markazi","75 to 79",1329.1307692308146,2187,857.8692307691854,895.4961538461096,89.98746722809052,680.3098261020123,1035.4286354363585,717.9367491789365,1073.0555585132827
"P0028","Markazi","80",6564.519230769669,8249,1684.4807692303311,1916.1961538458431,223.55144474518562,1243.3786617465144,2125.582876714148,1475.0940463620263,2357.29826132966
"P0029","Hormozgan","0 to 4",904.6115384615243,555,-349.61153846152433,19.601282051283675,64.01996633942699,-475.93298588295687,-223.2900910400918,-106.72016537014888,145.92272947271624
"P0029","Hormozgan","10 to 14",167.13076923081053,173,5.869230769189471,55.362820512796844,28.54935960041793,-50.463139175509305,62.20160071388825,-0.9695494319019318,111.69519045749561
"P0029","Hormozgan","15 to 19",292.95961538464894,312,19.04038461535106,85.35769230767531,35.887329092554324,-51.77095150790571,89.85172073860782,14.546356184418542,156.1690284309321
"P0029","Hormozgan","20 to 24",360.97692307698856,423,62.023076923011445,143.89230769227163,41.973338771300995,-20.796912056513094,144.84306590253598,61.07231871274709,226.71229667179617
"P0029","Hormozgan","25 to 29",399.1596153845943,451,51.840384615405696,118.88269230769967,42.46126818807571,-31.942365728904477,135.62313495971586,35.0999419633895,202.66544265200986
"P0029","Hormozgan","30 to 34",470.00384615385275,543,72.99615384614725,142.2884615384565,45.44676813704205,-16.677456746831666,162.66976443912617,52.61485094547757,231.9620721314354
"P0029","Hormozgan","35 to 39",437.64230769239276,604,166.35769230760724,207.03461538455787,43.7417593440719,80.04833182142065,252.66705279379383,120.72525489837128,293.34397587074443
"P0029","Hormozgan","40 to 44",418.49230769234845,666,247.50769230765155,275.84743589740253,42.58108982894618,163.48851504885474,331.52686956644834,191.82825863860572,359.8666131561994
"P0029","Hormozgan","45 to 49",447.4288461538183,680,232.5711538461817,274.0128205128434,44.73554648834714,144.30089525786116,320.8414124345022,185.74256192452287,362.28307910116393
"P0029","Hormozgan","5 to 9",228.37307692306547,187,-41.37307692306547,41.81794871795131,27.488080403581197,-95.61137634682883,12.865222500697897,-12.420350705812055,96.05624814171468
"P0029","Hormozgan","50 to 54",462.0596153846737,628,165.9403846153263,231.43461538458365,47.66837053263846,71.88320361059867,259.99756562005393,137.37743437985603,325.4917963893113
"P0029","Hormozgan","55 to 59",527.6403846153345,865,337.3596153846655,376.178846153884,51.409200920481645,235.92118855664214,438.79804221268887,274.74041932586067,477.6172729819074
"P0029","Hormozgan","60 to 64",765.7115384613373,1213,447.28846153866266,491.81410256425784,57.610372227972796,333.6141498756278,560.9627732016975,378.13979090122297,605.4884142272927
"P0029","Hormozgan","65 to 69",808.9711538461898,1268,459.02884615381015,496.0730769230491,54.592305209565005,351.3096546818549,566.7480376257654,388.35388545109384,603.7922683950043
"P0029","Hormozgan","70 to 74",813.3884615385546,1232,418.61153846144543,470.7807692307099,55.644168309003256,308.81685590744627,528.4062210154445,360.9860866767107,580.575451784709
"P0029","Hormozgan","75 to 79",625.9019230770203,984,358.09807692297966,398.93269230761973,67.37827413153254,225.15016083181607,491.0459930141433,265.9847762164561,531.8806083987834
"P0029","Hormozgan","80",3959.3153846156665,4673,713.6846153843335,957.5576923075131,179.55991952969168,359.38469567479075,1067.9845350938763,603.2577725979704,1311.8576120170558
"P0030","Hamedan","0 to 4",1171.490384615543,897,-274.490384615543,77.05192307689424,89.2752611114798,-450.6444947682569,-98.33627446282912,-99.10218707581964,253.20603322960812
"P0030","Hamedan","10 to 14",122.21538461529656,108,-14.215384615296557,39.60256410259579,22.348030402225284,-58.311558181834314,29.8807889512412,-4.493609463941965,83.69873766913355
"P0030","Hamedan","15 to 19",144.65961538460465,227,82.34038461539535,116.77243589744498,29.48988438563436,24.15221156742154,140.52855766336916,58.584262849471166,174.96060894541878
"P0030","Hamedan","20 to 24",189.23461538461504,255,65.76538461538496,98.68974358973787,35.91412532786871,-5.098824688285731,136.62959391905565,27.82553428606718,169.55395289340856
"P0030","Hamedan","25 to 29",342.86730769217525,353,10.132692307824755,94.05897435902372,44.027962830115975,-76.7413926023402,97.00677721798971,7.184889448858769,180.93305926918867
"P0030","Hamedan","30 to 34",386.02115384606157,476,89.97884615393843,148.97435897441406,41.06379407990293,8.953531687404464,171.00416062047242,67.94904450788009,229.99967344094802
"P0030","Hamedan","35 to 39",431.7230769231787,547,115.27692307682128,167.3461538460934,43.65002379458696,29.14857123611725,201.4052749175253,81.21780200538936,253.47450568679741
"P0030","Hamedan","40 to 44",386.4923076921816,665,278.5076923078184,302.9243589744659,45.22765395651987,189.26642840317373,367.74895621246304,213.68309506982126,392.1656228791106
"P0030","Hamedan","45 to 49",569.6211538462045,828,258.3788461537955,308.17884615380717,47.07252970985454,165.49735266454988,351.2603396430411,215.29735266456154,401.06033964305277
"P0030","Hamedan","5 to 9",117.74423076923989,134,16.25576923076011,61.942948717944034,25.888720423665504,-34.82674178568508,67.33828024720529,10.860437701498846,113.02545973438922
"P0030","Hamedan","50 to 54",665.5403846154499,987,321.45961538455015,357.92564102558833,55.20209611415223,212.53721069496402,430.3820200741363,249.0032363360022,466.84804571517446
"P0030","Hamedan","55 to 59",1042.6115384615564,1290,247.3884615384436,334.4653846153703,67.23605564180741,114.72116486180639,380.0557582150808,201.79808793873306,467.13268129200753
"P0030","Hamedan","60 to 64",1445.6846153845365,1744,298.3153846154635,441.43589743594816,81.41205923947592,137.67660661041307,458.9541626205139,280.79711943089774,602.0746754409986
"P0030","Hamedan","65 to 69",1651.2750000000542,2437,785.7249999999458,862.9749999999651,80.25240211310727,627.3744076202797,944.0755923796119,704.624407620299,1021.3255923796312
"P0030","Hamedan","70 to 74",1645.4173076925026,2282,636.5826923074974,748.1371794870371,88.58614771096735,461.78831111385085,811.377073501144,573.3427982933906,922.9315606806836
"P0030","Hamedan","75 to 79",2075.023076923191,2957,881.9769230768088,947.1256410255505,104.24126774224321,676.2925315476034,1087.6613146060142,741.4412494963451,1152.810032554756
"P0030","Hamedan","80",7984.459615385109,9682,1697.540384614891,2037.6423076920064,219.79574079796924,1263.8488708227892,2131.231898406993,1603.9507938999045,2471.3338214841083
"P0031","Yazd","0 to 4",329.10769230758075,306,-23.10769230758075,76.44871794876411,42.38045368171153,-106.73098293954983,60.515598324388336,-7.174572683204971,160.0720085807332
"P0031","Yazd","10 to 14",51.55769230768834,62,10.442307692311658,41.90256410256588,13.903732004711294,-16.991939025078086,37.8765544097014,14.468317385176139,69.33681081995563
"P0031","Yazd","15 to 19",77.87307692307223,89,11.126923076927767,43.701282051284295,19.452941897310144,-27.256786218462658,49.51063237231819,5.31757275589387,82.08499134667471
"P0031","Yazd","20 to 24",106.55769230770507,114,7.442307692294932,43.47564102563575,22.66587999093063,-37.28103302854417,52.165648413134036,-1.2476996952033517,88.19898174647486
"P0031","Yazd","25 to 29",132.1269230769963,125,-7.126923076996292,45.33846153843032,26.9263106080446,-60.25676247262431,46.002916318631726,-7.791377857197695,98.46830093405833
"P0031","Yazd","30 to 34",188.56730769228562,160,-28.567307692285624,45.37500000000678,29.598127015455923,-86.96906044755367,29.834445062982425,-13.02675275526127,103.77675275527483
"P0031","Yazd","35 to 39",217.64423076923833,273,55.355769230761666,111.7064102564064,25.225957034698556,5.580994462541881,105.13054399898145,61.931635488186615,161.4811850246262
"P0031","Yazd","40 to 44",213.1519230769119,276,62.84807692308809,130.4525641025728,26.139155232906813,11.271418699186626,114.42473514698955,78.87590587867135,182.02922232647427
"P0031","Yazd","45 to 49",223.3769230769042,324,100.6230769230958,140.28076923078038,31.572660312658833,38.32525988747408,162.9208939587175,77.98295219515867,202.57858626640208
"P0031","Yazd","5 to 9",75.907692307664135,48,-27.907692307664135,15.605128205135088,16.336878755631048,-60.14291967123786,4.327535055909593,-16.63009915843864,47.840355568708816
"P0031","Yazd","50 to 54",324.6923076922923,425,100.30769230770773,168.88974358975025,34.14093481445975,32.94226635265974,167.6731182627557,101.52431763470227,236.25516954479824
"P0031","Yazd","55 to 59",410.6230769229534,615,204.37692307704663,251.30128205136504,40.58285327724536,124.3005803421381,284.45326581195513,171.22493931645653,331.37762478627354
"P0031","Yazd","60 to 64",599.6230769230554,860,260.37692307694465,327.2153846153967,46.59572332739139,168.4362434590026,352.31760269488666,235.27470499745468,419.1560642333387
"P0031","Yazd","65 to 69",694.005769230672,1057,362.99423076932806,441.25769230776666,50.65893162214831,263.0362030908269,462.9522584478292,341.2996646292655,541.2157199862678
"P0031","Yazd","70 to 74",675.986538461392,1085,409.013461538608,468.0923076924122,52.44564138612068,305.52997490703024,512.4969481701858,364.60882106083443,571.57579432399
"P0031","Yazd","75 to 79",836.4961538460143,1278,441.5038461539857,501.5282051283024,67.88155282805923,307.5628821586018,575.4448101493697,367.58724113291845,635.4691691236862
"P0031","Yazd","80",4183.44423076917,5054,870.5557692308303,1203.0211538462017,171.11373532209151,532.9214973698872,1208.1900410917733,865.3868819852587,1540.6554257071448
"P9999","Iran","0 to 4",26276.95576923024,25454,-822.9557692302405,1170.6307692309601,900.012004189517,-2598.820793324563,952.9092548640817,-605.2342548633621,2946.4957933252826
"P9999","Iran","10 to 14",4651.63461538462,5543,891.3653846153802,1040.2346153845833,235.9452224355905,425.8084074027861,1356.9223618279743,574.6776381719892,1505.7915925971774
"P9999","Iran","15 to 19",9045.784615385008,10393,1347.2153846149922,1567.6358974355928,290.8576543071706,773.3075557529048,1921.1232134770796,993.7280685735054,2141.54372629768
"P9999","Iran","20 to 24",10178.923076922823,11805,1626.0769230771766,1743.3846153847571,351.1061501825904,933.2893502990078,2318.8644958553455,1050.5970426065883,2436.172188162926
"P9999","Iran","25 to 29",12654.246153845907,14545,1890.7538461540935,2124.643589743715,404.23367017385874,1093.137333172702,2688.370359135485,1327.0270767623235,2922.2601027251067
"P9999","Iran","30 to 34",16988.171153847303,19833,2844.828846152697,3213.969230768367,469.886675765208,1917.6686428498206,3771.989049455574,2286.8090274654905,4141.129434071244
"P9999","Iran","35 to 39",19030.06346153971,24762,5731.93653846029,5975.612179486157,462.7165404226261,4818.924138201863,6644.948938718717,5062.59977922773,6888.6245797445845
"P9999","Iran","40 to 44",18288.24807692277,27415,9126.75192307723,9223.280769231085,451.7914962804721,8235.296350603794,10018.207495550667,8331.825196757649,10114.736341704522
"P9999","Iran","45 to 49",22587.80384615432,32708,10120.196153845682,10223.673076922656,540.2458971546953,9054.206157377303,11186.18615031406,9157.683080454277,11289.663073391035
"P9999","Iran","5 to 9",6193.321153846203,6533,339.67884615379717,692.1429487179123,318.1629776875425,-288.1066738247041,967.4643661322984,64.35742873941103,1319.9284686964136
"P9999","Iran","50 to 54",27340.99423077081,42934,15593.005769229188,15719.6551282037,654.7331870916911,14301.11437038391,16884.89716807447,14427.763729358421,17011.54652704898
"P9999","Iran","55 to 59",39307.65769230925,57013,17705.34230769075,17982.24999999866,920.5289295967625,15888.994167745666,19521.690447635832,16165.901860053578,19798.598139943744
"P9999","Iran","60 to 64",52280.73461538824,78854,26573.26538461176,27015.119230766093,1083.0826899298306,24436.173147736034,28710.35762148749,24878.026993890366,29152.21146764182
"P9999","Iran","65 to 69",61327.09230769717,93690,32362.907692302833,32905.399999995905,1233.7469781702493,29928.531154083626,34797.28423052204,30471.0234617767,35339.77653821511
"P9999","Iran","70 to 74",64771.93461538854,94462,29690.06538461146,30355.14999999657,1376.0078989369526,26974.985708757384,32405.145060465533,27640.070324142496,33070.22967585064
"P9999","Iran","75 to 79",65599.06730769391,101801,36201.93269230609,36402.1480769213,1705.66063082094,32836.39640706812,39567.46897754406,33036.61179168333,39767.68436215927
"P9999","Iran","80",260929.81730771146,322955,62025.18269228854,67198.26730767752,5385.196611124768,51399.34407563607,72651.02130894101,56572.42869102506,77824.10592432998
